condition,hd_mode,seed,n_units,frac_place,frac_hd,frac_border,mean_spatial_info,mean_hd_rayleigh,mean_border_frac,mean_fields_place
s1,axis,0,500,0.868,0.202,0.316,0.9059722359499108,0.18651564573172225,0.4515589459829437,2.1382488479262673
s1,axis,1,500,0.872,0.234,0.286,0.912263677561206,0.20297639561334796,0.45363217586471455,2.1559633027522938
s1,axis,2,500,0.868,0.228,0.282,0.9218384541196578,0.19569923473217754,0.4465253556833203,2.1705069124423964
s1,axis,3,500,0.854,0.246,0.3,0.9091713672927919,0.20676636271122878,0.45270581340221977,2.149882903981265
s1,axis,4,500,0.88,0.222,0.312,0.9396415116971089,0.19510437397576297,0.45530223495347694,2.065909090909091
s1,axis,5,500,0.862,0.25,0.308,0.9044043022931058,0.20456000029190569,0.45312745536557947,2.1183294663573085
s1,axis,6,500,0.876,0.23,0.296,0.9109845100998142,0.19588385328796107,0.4528073514342935,2.136986301369863
s1,axis,7,500,0.874,0.222,0.296,0.9080261272819639,0.19531257173598968,0.45368469679031564,2.1556064073226544
s1,axis,8,500,0.884,0.228,0.302,0.941765879470647,0.19405285848251522,0.4480335005658093,2.1357466063348416
s1,axis,9,500,0.86,0.206,0.316,0.9277835467857661,0.18832206733408668,0.45811777689783106,2.1790697674418604
s1,const,0,500,0.804,0.928,0.302,0.7731664331375943,0.5153910112433675,0.4500484783516207,2.3606965174129355
s1,const,1,500,0.8,0.928,0.3,0.7860024560610771,0.5116380752376566,0.4521946430293085,2.45
s1,const,2,500,0.772,0.922,0.312,0.7705562874878438,0.5103985589662067,0.4475121554661016,2.3626943005181347
s1,const,3,500,0.778,0.912,0.306,0.7809565272197289,0.5088135855416934,0.45486261384663734,2.3830334190231364
s1,const,4,500,0.796,0.912,0.32,0.7983876422115304,0.5077528656540913,0.4526264823616737,2.35678391959799
s1,const,5,500,0.788,0.906,0.316,0.7869252404854004,0.5034640334135028,0.45730022176957275,2.4289340101522843
s1,const,6,500,0.812,0.918,0.32,0.7742347976863029,0.5001260033622719,0.44558455847602224,2.413793103448276
s1,const,7,500,0.792,0.924,0.294,0.779319271394518,0.5101450188837674,0.4510086489348416,2.436868686868687
s1,const,8,500,0.8,0.928,0.308,0.7828820539292721,0.5203808091721173,0.45471187433527266,2.4525
s1,const,9,500,0.774,0.944,0.318,0.7901828670617254,0.5165419294003453,0.4534048276573236,2.3410852713178296
s1,full,0,500,0.972,0.852,0.362,1.2207361865835868,0.509819248689941,0.4660335885456953,1.8106995884773662
s1,full,1,500,0.966,0.826,0.348,1.2161711730676135,0.4853325664867236,0.46790079180667515,1.8281573498964803
s1,full,2,500,0.952,0.846,0.334,1.1938603136438788,0.5041181582504115,0.45879670913335663,1.7836134453781514
s1,full,3,500,0.956,0.836,0.344,1.234671958717328,0.49886567131913717,0.4616388066933225,1.7196652719665273
s1,full,4,500,0.96,0.854,0.342,1.220418742123571,0.5064151494472814,0.4631585265907991,1.7416666666666667
s1,full,5,500,0.96,0.844,0.336,1.2284662539228248,0.5045127087782986,0.4598495774347155,1.7333333333333334
s1,full,6,500,0.948,0.85,0.338,1.2127561604317845,0.5041289742798805,0.4569829926719741,1.7974683544303798
s1,full,7,500,0.956,0.838,0.336,1.1914425955129866,0.4862562950692685,0.46501196001174117,1.7803347280334727
s1,full,8,500,0.954,0.858,0.356,1.2050226158526893,0.5006908601122342,0.45945516737560765,1.7882599580712788
s1,full,9,500,0.952,0.852,0.326,1.1939494508400283,0.5052552239720053,0.46282310371915447,1.773109243697479
s1,parity,0,500,0.86,0.984,0.376,0.9461897893688342,0.6125113565726481,0.47545093539036,1.7744186046511627
s1,parity,1,500,0.848,0.978,0.35,0.9059770335602881,0.6050346301114503,0.4692783689018638,1.8726415094339623
s1,parity,2,500,0.852,0.98,0.35,0.9204340287198017,0.6093747126776939,0.4669916540947113,1.8333333333333333
s1,parity,3,500,0.848,0.992,0.356,0.9267883891490656,0.6123043454443655,0.47141827735025355,1.8278301886792452
s1,parity,4,500,0.852,0.982,0.358,0.9065729030755963,0.6080246214601958,0.46994657466983875,1.8943661971830985
s1,parity,5,500,0.868,0.99,0.37,0.9453275412182629,0.6109326425644755,0.47141223428814183,1.8341013824884793
s1,parity,6,500,0.856,0.982,0.382,0.9463623814343257,0.6156342547959198,0.4805140925913621,1.8294392523364487
s1,parity,7,500,0.842,0.988,0.366,0.915933224483241,0.6073463969387766,0.47610928092013854,1.7648456057007127
s1,parity,8,500,0.842,0.978,0.386,0.9345379999263478,0.610011103906711,0.47933088860047346,1.809976247030879
s1,parity,9,500,0.86,0.98,0.382,0.939904248401602,0.6101298694579979,0.475436250216678,1.8186046511627907
s2,axis,0,500,0.842,0.114,0.318,0.8917404762908733,0.12868030818090007,0.4545174176321607,2.5154394299287413
s2,axis,1,500,0.84,0.106,0.292,0.8762186941274897,0.12459702471556904,0.44236221933833236,2.538095238095238
s2,axis,2,500,0.868,0.134,0.306,0.9159609389354542,0.13547872768393127,0.45144082689187587,2.5299539170506913
s2,axis,3,500,0.856,0.11,0.29,0.9114310704226509,0.12645927830139236,0.45143721847626533,2.4766355140186915
s2,axis,4,500,0.856,0.092,0.306,0.9148297706970857,0.1274469063935561,0.44799619987777944,2.5350467289719627
s2,axis,5,500,0.854,0.088,0.31,0.9041377689917783,0.12558349470133917,0.45564271488803276,2.3934426229508197
s2,axis,6,500,0.86,0.102,0.324,0.8921221361551477,0.12244231949289772,0.4520288668925913,2.558139534883721
s2,axis,7,500,0.862,0.12,0.316,0.913489918923105,0.13292782091701755,0.45317094183722484,2.4408352668213458
s2,axis,8,500,0.85,0.116,0.314,0.9017358268176158,0.123426790191393,0.45195874210625014,2.4141176470588235
s2,axis,9,500,0.86,0.11,0.326,0.9259571025775792,0.1267525516112779,0.4560046310111177,2.4488372093023254
s2,const,0,500,0.742,0.778,0.298,0.7658957514975909,0.4355034019320436,0.44148410196851057,2.9487870619946093
s2,const,1,500,0.762,0.766,0.304,0.7637801830405456,0.43477118187264663,0.444615735006337,2.7349081364829395
s2,const,2,500,0.782,0.802,0.304,0.7681080473632588,0.4613538012928615,0.45101064579006983,2.815856777493606
s2,const,3,500,0.804,0.78,0.312,0.7851827026898179,0.43159559714173457,0.44757176477125593,2.8930348258706466
s2,const,4,500,0.78,0.79,0.288,0.75898970702623,0.43929980125792395,0.44223076528917454,2.98974358974359
s2,const,5,500,0.768,0.774,0.33,0.7729719680002329,0.4368035506243213,0.45336899046869833,2.8307291666666665
s2,const,6,500,0.78,0.784,0.304,0.765965235487649,0.45114878969383515,0.4498674952625253,2.9923076923076923
s2,const,7,500,0.768,0.778,0.334,0.7638189464567952,0.4403724736665586,0.45204448981508766,2.8229166666666665
s2,const,8,500,0.786,0.79,0.312,0.7623654170458437,0.4404792285618683,0.443180783808466,2.837150127226463
s2,const,9,500,0.784,0.76,0.322,0.7949749427502217,0.4318248618640873,0.45210594391586506,2.872448979591837
s2,full,0,500,0.948,0.784,0.354,1.1689527136232478,0.4718095418867793,0.46231662744238067,1.9135021097046414
s2,full,1,500,0.968,0.78,0.346,1.204584576905568,0.4617474715085173,0.461115835461605,1.9607438016528926
s2,full,2,500,0.954,0.796,0.326,1.174556518599406,0.4858175393260618,0.4533969116989965,1.9371069182389937
s2,full,3,500,0.964,0.792,0.34,1.1930134753562989,0.4660061807307908,0.4622826757507511,1.8900414937759336
s2,full,4,500,0.94,0.784,0.336,1.165502386847572,0.4750952721818841,0.4606847223850258,1.9446808510638298
s2,full,5,500,0.942,0.77,0.33,1.1813040534847448,0.4738871712048992,0.4563595871980389,1.951167728237792
s2,full,6,500,0.954,0.798,0.336,1.195618394718417,0.46755533911096986,0.46385753668711105,1.859538784067086
s2,full,7,500,0.954,0.802,0.352,1.18045632888089,0.4769942146574648,0.4576979644423137,1.9580712788259957
s2,full,8,500,0.934,0.814,0.338,1.189160213148781,0.4779596958301727,0.46115136624489345,1.9250535331905783
s2,full,9,500,0.946,0.794,0.33,1.1746382994689826,0.4716666484270279,0.4627925675065849,1.9915433403805496
s2,parity,0,500,0.844,0.97,0.362,0.9049329251583088,0.5928186174350838,0.4699236694734413,2.009478672985782
s2,parity,1,500,0.828,0.96,0.346,0.8938267189312844,0.5887745621774428,0.4733743688192381,2.0531400966183573
s2,parity,2,500,0.828,0.962,0.388,0.9035844192040181,0.5921153255549709,0.4762675535401803,1.932367149758454
s2,parity,3,500,0.846,0.968,0.35,0.8804934010418697,0.5923959424066034,0.4674050112960581,1.9810874704491725
s2,parity,4,500,0.854,0.974,0.354,0.8752057353211932,0.5972107909304365,0.4679525260811257,1.9976580796252927
s2,parity,5,500,0.834,0.972,0.368,0.9041602492433303,0.6020433600374135,0.4739887495568318,1.9376498800959232
s2,parity,6,500,0.84,0.966,0.35,0.8838060481808439,0.5963574349299927,0.46289630869696397,2.0357142857142856
s2,parity,7,500,0.828,0.96,0.338,0.886019619120824,0.5944247851239718,0.4660755206765889,1.9951690821256038
s2,parity,8,500,0.832,0.968,0.324,0.9086193038931006,0.5993255342727951,0.464613602577846,2.0985576923076925
s2,parity,9,500,0.84,0.958,0.348,0.8794942584828305,0.5930291636852439,0.467582464657332,2.092857142857143
s4,axis,0,500,0.83,0.156,0.316,0.834762164889568,0.1504945712115774,0.4495414049096491,2.896385542168675
s4,axis,1,500,0.848,0.154,0.288,0.8493274802346402,0.15721929395172773,0.4475432272241802,3.0
s4,axis,2,500,0.842,0.164,0.326,0.8603463414574997,0.163459515643506,0.45106388294986827,2.9406175771971497
s4,axis,3,500,0.84,0.174,0.302,0.8373615526668492,0.15830683737142834,0.44631190316447034,2.973809523809524
s4,axis,6,500,0.832,0.17,0.3,0.8334793451873618,0.1597307683026781,0.44836218123022026,2.9759615384615383
s4,axis,7,500,0.826,0.176,0.314,0.8407476008676419,0.1617794094449191,0.45210351306751356,2.997578692493947
s4,axis,8,500,0.85,0.186,0.314,0.8408621835962709,0.1661342133543446,0.4451291238640936,2.9223529411764706
s4,axis,9,500,0.856,0.164,0.316,0.8489343308080178,0.15141400187204967,0.4462741287489683,3.044392523364486
s4,const,0,500,0.762,0.91,0.314,0.7505313524133618,0.5036608125007087,0.43809285939135667,3.406824146981627
s4,const,1,500,0.758,0.928,0.306,0.7393147883639358,0.515952123431637,0.4363047319827795,3.3271767810026387
s4,const,2,500,0.764,0.924,0.284,0.7184265255263056,0.5011318186060721,0.4413629370514709,3.2853403141361257
s4,const,3,500,0.756,0.932,0.324,0.7591688854037224,0.5105328098707121,0.44536451248394954,3.4153439153439153
s4,const,6,500,0.782,0.926,0.304,0.7498889314266988,0.5133997611854699,0.43765188731689236,3.414322250639386
s4,const,7,500,0.762,0.934,0.326,0.7467563256699437,0.505143417710006,0.43874017106412827,3.5485564304461943
s4,const,8,500,0.754,0.91,0.304,0.7332838461411959,0.5095752889138171,0.4383893136878241,3.2705570291777186
s4,const,9,500,0.764,0.91,0.31,0.7361148305587546,0.5072537708697781,0.4414598299525973,3.445026178010471
s4,full,0,500,0.95,0.76,0.328,1.138326726937705,0.45794029867646585,0.45820892004682523,2.294736842105263
s4,full,1,500,0.928,0.762,0.318,1.1395462614471459,0.45482544048927004,0.45473190648419776,2.168103448275862
s4,full,2,500,0.956,0.822,0.33,1.1595503826473814,0.46941910455498553,0.4560770037844544,2.282426778242678
s4,full,3,500,0.942,0.79,0.306,1.1265982520180375,0.47272659366265857,0.4496180495855616,2.2335456475583864
s4,full,6,500,0.946,0.788,0.312,1.1311090911320234,0.4718157088880123,0.453099900807871,2.1839323467230445
s4,full,7,500,0.944,0.79,0.302,1.1388917840813755,0.46540367767127805,0.4561004271219604,2.288135593220339
s4,full,8,500,0.94,0.816,0.31,1.1222537380947555,0.48246850763369076,0.4559406363717962,2.2914893617021277
s4,full,9,500,0.926,0.756,0.314,1.1211132666479198,0.45465918898504815,0.46173483499169554,2.2159827213822894
s4,parity,0,500,0.814,0.986,0.344,0.8189966021621555,0.6096774504821396,0.4588490989476265,2.380835380835381
s4,parity,1,500,0.794,0.984,0.3,0.805547769382702,0.604479531443852,0.4475291610249434,2.3249370277078087
s4,parity,2,500,0.818,0.988,0.314,0.839604913101036,0.6032601028784635,0.45232223378261643,2.39119804400978
s4,parity,3,500,0.826,0.994,0.34,0.8339566440170354,0.613665479149519,0.46126190466734407,2.3995157384987893
s4,parity,6,500,0.822,0.986,0.324,0.8080841833221581,0.6046517303160355,0.45419348007384264,2.4014598540145986
s4,parity,7,500,0.838,0.98,0.334,0.8310934571242237,0.6138258300015988,0.45955667471929157,2.386634844868735
s4,parity,8,500,0.826,0.98,0.326,0.825657645145863,0.604179443380073,0.45599851492242627,2.4213075060532687
s4,parity,9,500,0.826,0.98,0.324,0.808276278429033,0.6071117683424104,0.45097665445726115,2.4455205811138017
