condition,encoding,seed,group,m1,m2,bi_frac,raw_m1,raw_m2,raw_bi_frac,n_tuned,n_units,n_cells_vis,best_shift,pred_shift,rot_gain,corr_pred,corr_none,local_m1
s1,full,0,c2,0.34043,0.23565,0.3435,0.3469,0.24044,0.33569,460,500,324,0,2,-1.058,-0.30869,0.74931,0.38476
s1,full,0,c4,0.34043,0.23565,0.3435,0.3469,0.24044,0.33569,460,500,324,0,3,-0.8076,-0.10037,0.70723,0.43558
s1,full,1,c2,0.33371,0.23704,0.35365,0.34141,0.24379,0.3516,469,500,324,0,2,-1.05324,-0.29374,0.75951,0.37907
s1,full,1,c4,0.33371,0.23704,0.35365,0.34141,0.24379,0.3516,469,500,324,0,3,-0.8229,-0.11178,0.71112,0.42524
s1,full,2,c2,0.34832,0.2295,0.32828,0.35307,0.23648,0.32205,473,500,324,0,2,-1.08907,-0.33418,0.75489,0.39396
s1,full,2,c4,0.34832,0.2295,0.32828,0.35307,0.23648,0.32205,473,500,324,0,3,-0.82455,-0.10496,0.71959,0.43742
s1,full,3,c2,0.34538,0.2295,0.32929,0.35218,0.2389,0.33176,475,500,324,0,2,-1.1286,-0.34887,0.77973,0.38894
s1,full,3,c4,0.34538,0.2295,0.32929,0.35218,0.2389,0.33176,475,500,324,0,3,-0.84514,-0.1224,0.72274,0.43497
s1,full,4,c2,0.33375,0.21947,0.32329,0.33862,0.22869,0.32405,463,500,324,0,2,-1.07272,-0.3231,0.74962,0.37657
s1,full,4,c4,0.33375,0.21947,0.32329,0.33862,0.22869,0.32405,463,500,324,0,3,-0.79633,-0.08716,0.70917,0.42606
s1,full,5,c2,0.3404,0.221,0.32653,0.34538,0.22981,0.33129,474,500,324,0,2,-1.11387,-0.3453,0.76857,0.38536
s1,full,5,c4,0.3404,0.221,0.32653,0.34538,0.22981,0.33129,474,500,324,0,3,-0.82922,-0.10848,0.72074,0.42809
s1,full,6,c2,0.33584,0.23694,0.33444,0.3378,0.23989,0.33287,461,500,324,0,2,-1.08482,-0.33085,0.75397,0.38551
s1,full,6,c4,0.33584,0.23694,0.33444,0.3378,0.23989,0.33287,461,500,324,0,3,-0.80015,-0.09841,0.70174,0.42982
s1,full,7,c2,0.33058,0.22157,0.33558,0.3335,0.23278,0.34227,473,500,323,0,2,-1.05382,-0.31499,0.73882,0.38143
s1,full,7,c4,0.33058,0.22157,0.33558,0.3335,0.23278,0.34227,473,500,323,0,3,-0.75717,-0.07692,0.68025,0.43014
s1,full,8,c2,0.33226,0.21781,0.32236,0.3403,0.23036,0.31758,471,500,324,0,2,-1.09111,-0.33528,0.75583,0.37797
s1,full,8,c4,0.33226,0.21781,0.32236,0.3403,0.23036,0.31758,471,500,324,0,3,-0.79887,-0.087,0.71187,0.42479
s1,full,9,c2,0.34269,0.21543,0.31254,0.34724,0.22276,0.31059,472,500,323,0,2,-1.133,-0.36914,0.76385,0.38956
s1,full,9,c4,0.34269,0.21543,0.31254,0.34724,0.22276,0.31059,472,500,323,0,3,-0.79213,-0.08328,0.70885,0.43691
s1,axis,0,c2,0.04872,0.41631,0.93142,0.06965,0.41723,0.89369,410,500,324,2,2,0.57,0.85859,0.28859,0.20742
s1,axis,0,c4,0.04872,0.41631,0.93142,0.06965,0.41723,0.89369,410,500,324,2,3,-0.54468,-0.1928,0.35188,0.32874
s1,axis,1,c2,0.04901,0.40135,0.91867,0.06069,0.40173,0.89577,405,500,324,2,2,0.63793,0.87375,0.23582,0.20808
s1,axis,1,c4,0.04901,0.40135,0.91867,0.06069,0.40173,0.89577,405,500,324,2,3,-0.50242,-0.15919,0.34323,0.33115
s1,axis,2,c2,0.04411,0.4054,0.93622,0.06699,0.40484,0.88964,402,500,324,2,2,0.66495,0.89035,0.2254,0.20265
s1,axis,2,c4,0.04411,0.4054,0.93622,0.06699,0.40484,0.88964,402,500,324,2,3,-0.55493,-0.20273,0.35221,0.32101
s1,axis,3,c2,0.04776,0.3995,0.92492,0.06805,0.40206,0.87867,418,500,324,2,2,0.57584,0.86472,0.28888,0.19668
s1,axis,3,c4,0.04776,0.3995,0.92492,0.06805,0.40206,0.87867,418,500,324,2,3,-0.54947,-0.19496,0.35451,0.32476
s1,axis,4,c2,0.04729,0.39888,0.92245,0.05663,0.40017,0.90875,409,500,324,2,2,0.63342,0.88098,0.24756,0.205
s1,axis,4,c4,0.04729,0.39888,0.92245,0.05663,0.40017,0.90875,409,500,324,2,3,-0.47355,-0.14335,0.33021,0.33996
s1,axis,5,c2,0.04314,0.39931,0.94053,0.06012,0.39615,0.89532,402,500,324,2,2,0.65291,0.89011,0.2372,0.19335
s1,axis,5,c4,0.04314,0.39931,0.94053,0.06012,0.39615,0.89532,402,500,324,2,3,-0.52302,-0.18386,0.33916,0.31942
s1,axis,6,c2,0.04734,0.40368,0.93216,0.05911,0.40795,0.90717,404,500,324,2,2,0.6248,0.87277,0.24797,0.19661
s1,axis,6,c4,0.04734,0.40368,0.93216,0.05911,0.40795,0.90717,404,500,324,2,3,-0.56181,-0.19804,0.36377,0.31982
s1,axis,7,c2,0.04924,0.40407,0.92748,0.05745,0.406,0.8981,416,500,323,2,2,0.61992,0.87239,0.25246,0.20287
s1,axis,7,c4,0.04924,0.40407,0.92748,0.05745,0.406,0.8981,416,500,323,2,3,-0.54066,-0.18479,0.35587,0.32995
s1,axis,8,c2,0.04975,0.41531,0.92172,0.0529,0.41528,0.90204,422,500,324,2,2,0.55473,0.86226,0.30753,0.20164
s1,axis,8,c4,0.04975,0.41531,0.92172,0.0529,0.41528,0.90204,422,500,324,2,3,-0.57044,-0.20855,0.36188,0.32889
s1,axis,9,c2,0.04704,0.40262,0.93268,0.07056,0.40765,0.88232,399,500,323,2,2,0.64917,0.87146,0.22229,0.20349
s1,axis,9,c4,0.04704,0.40262,0.93268,0.07056,0.40765,0.88232,399,500,323,2,3,-0.49065,-0.14845,0.3422,0.32722
s1,parity,0,c2,0.27391,0.02659,0.02105,0.28163,0.04405,0.05737,372,500,324,0,2,-0.5712,-0.3093,0.2619,0.35303
s1,parity,0,c4,0.27391,0.02659,0.02105,0.28163,0.04405,0.05737,372,500,324,3,3,0.03141,0.29701,0.2656,0.43355
s1,parity,1,c2,0.26996,0.02664,0.03252,0.27503,0.04347,0.06758,383,500,324,0,2,-0.60656,-0.32413,0.28243,0.34283
s1,parity,1,c4,0.26996,0.02664,0.03252,0.27503,0.04347,0.06758,383,500,324,3,3,0.02992,0.30436,0.27444,0.42074
s1,parity,2,c2,0.27709,0.02733,0.03436,0.2833,0.0346,0.04965,388,500,324,0,2,-0.61272,-0.32436,0.28836,0.35533
s1,parity,2,c4,0.27709,0.02733,0.03436,0.2833,0.0346,0.04965,388,500,324,0,3,-0.02263,0.2798,0.30243,0.43885
s1,parity,3,c2,0.27118,0.02766,0.02743,0.27951,0.0449,0.06378,362,500,324,0,2,-0.53524,-0.28609,0.24916,0.34868
s1,parity,3,c4,0.27118,0.02766,0.02743,0.27951,0.0449,0.06378,362,500,324,3,3,0.02875,0.29649,0.26774,0.42955
s1,parity,4,c2,0.27157,0.02815,0.03302,0.276,0.03977,0.04492,365,500,324,0,2,-0.57383,-0.30634,0.2675,0.34471
s1,parity,4,c4,0.27157,0.02815,0.03302,0.276,0.03977,0.04492,365,500,324,3,3,0.00687,0.28008,0.27321,0.42597
s1,parity,5,c2,0.27832,0.02885,0.02844,0.28275,0.03816,0.04653,382,500,324,0,2,-0.57851,-0.31574,0.26278,0.35578
s1,parity,5,c4,0.27832,0.02885,0.02844,0.28275,0.03816,0.04653,382,500,324,3,3,0.0205,0.28864,0.26814,0.43923
s1,parity,6,c2,0.281,0.03272,0.03323,0.28538,0.04269,0.05157,384,500,324,0,2,-0.52975,-0.28329,0.24646,0.35342
s1,parity,6,c4,0.281,0.03272,0.03323,0.28538,0.04269,0.05157,384,500,324,3,3,0.05043,0.31612,0.26569,0.43948
s1,parity,7,c2,0.26853,0.03189,0.03109,0.27151,0.04348,0.05833,373,500,323,0,2,-0.56864,-0.2984,0.27024,0.34154
s1,parity,7,c4,0.26853,0.03189,0.03109,0.27151,0.04348,0.05833,373,500,323,3,3,0.03492,0.29305,0.25812,0.42699
s1,parity,8,c2,0.27045,0.02604,0.02377,0.27489,0.03727,0.05056,381,500,324,0,2,-0.55083,-0.3012,0.24963,0.34842
s1,parity,8,c4,0.27045,0.02604,0.02377,0.27489,0.03727,0.05056,381,500,324,3,3,0.02366,0.29494,0.27128,0.43526
s1,parity,9,c2,0.27622,0.0274,0.02456,0.28592,0.03932,0.04712,371,500,323,0,2,-0.59371,-0.31962,0.27409,0.3532
s1,parity,9,c4,0.27622,0.0274,0.02456,0.28592,0.03932,0.04712,371,500,323,3,3,0.03348,0.29614,0.26265,0.43786
s1,const,0,c2,0.0506,0.02101,0.2293,0.06517,0.03247,0.25547,91,500,324,2,2,1.22612,0.61865,-0.60747,0.18895
s1,const,0,c4,0.0506,0.02101,0.2293,0.06517,0.03247,0.25547,91,500,324,3,3,0.70396,0.5299,-0.17406,0.31695
s1,const,1,c2,0.05002,0.02037,0.19771,0.06186,0.02997,0.21963,98,500,324,2,2,1.34012,0.66541,-0.67471,0.20169
s1,const,1,c4,0.05002,0.02037,0.19771,0.06186,0.02997,0.21963,98,500,324,3,3,0.72687,0.56782,-0.15904,0.33288
s1,const,2,c2,0.0531,0.02112,0.18806,0.07012,0.02401,0.17478,114,500,324,2,2,1.22851,0.61432,-0.6142,0.20051
s1,const,2,c4,0.0531,0.02112,0.18806,0.07012,0.02401,0.17478,114,500,324,3,3,0.72032,0.55718,-0.16314,0.3281
s1,const,3,c2,0.05233,0.02202,0.23724,0.07108,0.03245,0.24396,115,500,324,2,2,1.31607,0.6638,-0.65228,0.1982
s1,const,3,c4,0.05233,0.02202,0.23724,0.07108,0.03245,0.24396,115,500,324,3,3,0.74859,0.57103,-0.17757,0.32806
s1,const,4,c2,0.05332,0.0213,0.16474,0.05941,0.02882,0.24464,95,500,324,2,2,1.35026,0.6742,-0.67607,0.20347
s1,const,4,c4,0.05332,0.0213,0.16474,0.05941,0.02882,0.24464,95,500,324,3,3,0.73823,0.56006,-0.17816,0.33103
s1,const,5,c2,0.04972,0.01978,0.17866,0.06413,0.02649,0.20504,100,500,324,2,2,1.34605,0.66637,-0.67968,0.19991
s1,const,5,c4,0.04972,0.01978,0.17866,0.06413,0.02649,0.20504,100,500,324,3,3,0.77363,0.59876,-0.17488,0.33524
s1,const,6,c2,0.05146,0.02011,0.19061,0.06049,0.02499,0.21925,113,500,324,2,2,1.26405,0.62622,-0.63783,0.19824
s1,const,6,c4,0.05146,0.02011,0.19061,0.06049,0.02499,0.21925,113,500,324,3,3,0.70646,0.53812,-0.16833,0.32571
s1,const,7,c2,0.05337,0.02222,0.23381,0.05909,0.02771,0.27462,102,500,323,2,2,1.23163,0.62215,-0.60948,0.19976
s1,const,7,c4,0.05337,0.02222,0.23381,0.05909,0.02771,0.27462,102,500,323,3,3,0.71623,0.55665,-0.15958,0.32498
s1,const,8,c2,0.05321,0.02221,0.19971,0.05485,0.03017,0.276,100,500,324,2,2,1.25492,0.62409,-0.63083,0.19788
s1,const,8,c4,0.05321,0.02221,0.19971,0.05485,0.03017,0.276,100,500,324,3,3,0.72543,0.56418,-0.16124,0.32853
s1,const,9,c2,0.05269,0.01999,0.20805,0.07339,0.02679,0.18522,105,500,323,2,2,1.25849,0.62113,-0.63735,0.19815
s1,const,9,c4,0.05269,0.01999,0.20805,0.07339,0.02679,0.18522,105,500,323,3,3,0.74264,0.56434,-0.17829,0.3294
s2,full,0,c2,0.31142,0.21676,0.36014,0.31268,0.22511,0.36765,461,500,324,0,2,-0.93631,-0.23813,0.69818,0.36088
s2,full,0,c4,0.31142,0.21676,0.36014,0.31268,0.22511,0.36765,461,500,324,0,3,-0.75706,-0.09451,0.66256,0.41103
s2,full,1,c2,0.29986,0.21885,0.36215,0.30319,0.23238,0.37156,460,500,324,0,2,-0.89674,-0.21277,0.68397,0.35073
s2,full,1,c4,0.29986,0.21885,0.36215,0.30319,0.23238,0.37156,460,500,324,0,3,-0.74135,-0.0961,0.64524,0.40152
s2,full,2,c2,0.31094,0.21206,0.34255,0.31606,0.22302,0.35498,456,500,324,0,2,-0.90609,-0.23166,0.67444,0.35826
s2,full,2,c4,0.31094,0.21206,0.34255,0.31606,0.22302,0.35498,456,500,324,0,3,-0.73593,-0.08498,0.65095,0.40731
s2,full,3,c2,0.31338,0.22653,0.36942,0.31967,0.23795,0.37074,471,500,324,0,2,-0.95419,-0.23303,0.72116,0.36357
s2,full,3,c4,0.31338,0.22653,0.36942,0.31967,0.23795,0.37074,471,500,324,0,3,-0.82326,-0.12465,0.6986,0.41478
s2,full,4,c2,0.30157,0.20692,0.35324,0.30713,0.21372,0.35118,458,500,324,0,2,-0.89511,-0.21882,0.67629,0.34892
s2,full,4,c4,0.30157,0.20692,0.35324,0.30713,0.21372,0.35118,458,500,324,0,3,-0.73448,-0.0854,0.64907,0.40149
s2,full,5,c2,0.30382,0.2164,0.36797,0.30864,0.23132,0.37154,459,500,324,0,2,-0.91262,-0.21269,0.69993,0.35086
s2,full,5,c4,0.30382,0.2164,0.36797,0.30864,0.23132,0.37154,459,500,324,0,3,-0.76787,-0.10135,0.66652,0.39927
s2,full,6,c2,0.30948,0.21397,0.36001,0.31344,0.22702,0.36898,468,500,324,0,2,-0.96871,-0.25341,0.7153,0.3604
s2,full,6,c4,0.30948,0.21397,0.36001,0.31344,0.22702,0.36898,468,500,324,0,3,-0.76856,-0.09934,0.66922,0.41025
s2,full,7,c2,0.31014,0.21609,0.36173,0.31364,0.22547,0.36682,460,500,323,0,2,-0.90183,-0.21399,0.68783,0.35856
s2,full,7,c4,0.31014,0.21609,0.36173,0.31364,0.22547,0.36682,460,500,323,0,3,-0.74022,-0.09347,0.64675,0.41211
s2,full,8,c2,0.30925,0.20824,0.34681,0.3149,0.21782,0.34561,454,500,324,0,2,-0.93114,-0.24484,0.6863,0.35594
s2,full,8,c4,0.30925,0.20824,0.34681,0.3149,0.21782,0.34561,454,500,324,0,3,-0.71425,-0.07637,0.63788,0.4091
s2,full,9,c2,0.31373,0.21549,0.35007,0.31868,0.22821,0.34956,449,500,323,0,2,-0.92293,-0.23594,0.687,0.36269
s2,full,9,c4,0.31373,0.21549,0.35007,0.31868,0.22821,0.34956,449,500,323,0,3,-0.76395,-0.097,0.66695,0.4095
s2,axis,0,c2,0.00893,0.4117,0.99646,0.04385,0.41335,0.94923,397,500,324,2,2,0.77981,0.99103,0.21123,0.194
s2,axis,0,c4,0.00893,0.4117,0.99646,0.04385,0.41335,0.94923,397,500,324,2,3,-0.58463,-0.2222,0.36243,0.32052
s2,axis,1,c2,0.00743,0.4243,0.99811,0.03182,0.42912,0.97867,391,500,324,2,2,0.78187,0.98833,0.20646,0.19762
s2,axis,1,c4,0.00743,0.4243,0.99811,0.03182,0.42912,0.97867,391,500,324,2,3,-0.57046,-0.20122,0.36924,0.32205
s2,axis,2,c2,0.00907,0.41421,0.99806,0.04303,0.41595,0.95876,373,500,324,2,2,0.80432,0.98876,0.18444,0.20002
s2,axis,2,c4,0.00907,0.41421,0.99806,0.04303,0.41595,0.95876,373,500,324,0,3,-0.53282,-0.18235,0.35047,0.32981
s2,axis,3,c2,0.00809,0.42057,0.9948,0.04232,0.424,0.94858,396,500,324,2,2,0.78173,0.98978,0.20805,0.19839
s2,axis,3,c4,0.00809,0.42057,0.9948,0.04232,0.424,0.94858,396,500,324,2,3,-0.56537,-0.19962,0.36575,0.32707
s2,axis,4,c2,0.00852,0.4123,0.99724,0.03037,0.41614,0.97525,373,500,324,2,2,0.8083,0.98997,0.18167,0.19832
s2,axis,4,c4,0.00852,0.4123,0.99724,0.03037,0.41614,0.97525,373,500,324,0,3,-0.5289,-0.18897,0.33994,0.3255
s2,axis,5,c2,0.00759,0.42879,0.99857,0.03604,0.43147,0.96851,389,500,324,2,2,0.80644,0.99093,0.18449,0.20863
s2,axis,5,c4,0.00759,0.42879,0.99857,0.03604,0.43147,0.96851,389,500,324,2,3,-0.54622,-0.19097,0.35525,0.33121
s2,axis,6,c2,0.00883,0.42641,0.99794,0.03277,0.42562,0.97303,398,500,324,2,2,0.75357,0.99357,0.24,0.19233
s2,axis,6,c4,0.00883,0.42641,0.99794,0.03277,0.42562,0.97303,398,500,324,0,3,-0.60837,-0.22585,0.38252,0.32452
s2,axis,7,c2,0.00841,0.42188,0.99714,0.02805,0.42105,0.98271,381,500,323,2,2,0.77987,0.99128,0.21141,0.19622
s2,axis,7,c4,0.00841,0.42188,0.99714,0.02805,0.42105,0.98271,381,500,323,0,3,-0.49777,-0.15543,0.34233,0.3304
s2,axis,8,c2,0.0082,0.41777,0.9978,0.01952,0.41432,0.99119,392,500,324,2,2,0.78523,0.99154,0.20631,0.19469
s2,axis,8,c4,0.0082,0.41777,0.9978,0.01952,0.41432,0.99119,392,500,324,2,3,-0.57141,-0.20621,0.3652,0.32441
s2,axis,9,c2,0.00889,0.41505,0.99779,0.04845,0.41883,0.94212,393,500,323,2,2,0.78859,0.99163,0.20305,0.20201
s2,axis,9,c4,0.00889,0.41505,0.99779,0.04845,0.41883,0.94212,393,500,323,2,3,-0.53288,-0.17444,0.35844,0.32518
s2,parity,0,c2,0.24115,0.03317,0.07612,0.24991,0.04634,0.08373,339,500,324,0,2,-0.20747,-0.1098,0.09767,0.33565
s2,parity,0,c4,0.24115,0.03317,0.07612,0.24991,0.04634,0.08373,339,500,324,3,3,0.03527,0.2513,0.21603,0.42342
s2,parity,1,c2,0.23275,0.03014,0.08625,0.24261,0.04374,0.11179,331,500,324,0,2,-0.15098,-0.08439,0.06659,0.32832
s2,parity,1,c4,0.23275,0.03014,0.08625,0.24261,0.04374,0.11179,331,500,324,3,3,0.09335,0.29611,0.20276,0.42171
s2,parity,2,c2,0.23521,0.03061,0.07279,0.24565,0.04144,0.08276,328,500,324,0,2,-0.09556,-0.05275,0.04281,0.33191
s2,parity,2,c4,0.23521,0.03061,0.07279,0.24565,0.04144,0.08276,328,500,324,3,3,0.06324,0.26849,0.20525,0.43076
s2,parity,3,c2,0.23615,0.0287,0.06027,0.24728,0.04422,0.10062,325,500,324,0,2,-0.18362,-0.10219,0.08142,0.32741
s2,parity,3,c4,0.23615,0.0287,0.06027,0.24728,0.04422,0.10062,325,500,324,3,3,0.04253,0.26239,0.21986,0.41772
s2,parity,4,c2,0.23357,0.02758,0.05546,0.24138,0.03696,0.07802,320,500,324,0,2,-0.14978,-0.08444,0.06534,0.32601
s2,parity,4,c4,0.23357,0.02758,0.05546,0.24138,0.03696,0.07802,320,500,324,3,3,0.04689,0.26921,0.22232,0.41809
s2,parity,5,c2,0.24378,0.02595,0.03803,0.25282,0.03881,0.06483,329,500,324,0,2,-0.23237,-0.12958,0.10279,0.33592
s2,parity,5,c4,0.24378,0.02595,0.03803,0.25282,0.03881,0.06483,329,500,324,3,3,0.07892,0.29364,0.21472,0.4242
s2,parity,6,c2,0.23394,0.02671,0.04972,0.24005,0.03644,0.06637,321,500,324,0,2,-0.18329,-0.10419,0.0791,0.32408
s2,parity,6,c4,0.23394,0.02671,0.04972,0.24005,0.03644,0.06637,321,500,324,3,3,0.06488,0.26673,0.20185,0.41261
s2,parity,7,c2,0.23915,0.03161,0.06259,0.24612,0.03954,0.08134,337,500,323,0,2,-0.2529,-0.12799,0.12491,0.32716
s2,parity,7,c4,0.23915,0.03161,0.06259,0.24612,0.03954,0.08134,337,500,323,3,3,0.04299,0.26455,0.22157,0.41552
s2,parity,8,c2,0.23893,0.03054,0.06811,0.24404,0.04164,0.09379,339,500,324,0,2,-0.15655,-0.08827,0.06828,0.32902
s2,parity,8,c4,0.23893,0.03054,0.06811,0.24404,0.04164,0.09379,339,500,324,3,3,0.07278,0.2848,0.21202,0.42257
s2,parity,9,c2,0.23529,0.0303,0.06829,0.24513,0.04235,0.08317,328,500,323,0,2,-0.15662,-0.0846,0.07202,0.32346
s2,parity,9,c4,0.23529,0.0303,0.06829,0.24513,0.04235,0.08317,328,500,323,3,3,0.07756,0.27939,0.20183,0.41036
s2,const,0,c2,0.01037,0.02557,0.8879,0.04055,0.03451,0.49452,25,500,324,2,2,1.85262,0.96398,-0.88865,0.18553
s2,const,0,c4,0.01037,0.02557,0.8879,0.04055,0.03451,0.49452,25,500,324,3,3,0.69382,0.52703,-0.16679,0.3224
s2,const,1,c2,0.01053,0.02579,0.86159,0.03231,0.03574,0.64848,28,500,324,2,2,1.82017,0.94882,-0.87135,0.18633
s2,const,1,c4,0.01053,0.02579,0.86159,0.03231,0.03574,0.64848,28,500,324,3,3,0.66907,0.51224,-0.15683,0.32497
s2,const,2,c2,0.01034,0.02352,0.88526,0.04052,0.02551,0.38887,22,500,324,2,2,1.80679,0.94058,-0.86621,0.18929
s2,const,2,c4,0.01034,0.02352,0.88526,0.04052,0.02551,0.38887,22,500,324,3,3,0.65518,0.50233,-0.15286,0.32693
s2,const,3,c2,0.01052,0.02595,0.90397,0.0402,0.03913,0.55546,27,500,324,2,2,1.83023,0.94647,-0.88376,0.18815
s2,const,3,c4,0.01052,0.02595,0.90397,0.0402,0.03913,0.55546,27,500,324,3,3,0.6997,0.52246,-0.17724,0.324
s2,const,4,c2,0.01073,0.02351,0.86792,0.02861,0.02835,0.61674,22,500,324,2,2,1.82028,0.95407,-0.86621,0.18625
s2,const,4,c4,0.01073,0.02351,0.86792,0.02861,0.02835,0.61674,22,500,324,3,3,0.64506,0.48566,-0.15939,0.3244
s2,const,5,c2,0.01039,0.02741,0.90767,0.0361,0.03375,0.53107,28,500,324,2,2,1.8472,0.95198,-0.89522,0.19315
s2,const,5,c4,0.01039,0.02741,0.90767,0.0361,0.03375,0.53107,28,500,324,3,3,0.71579,0.53427,-0.18153,0.33717
s2,const,6,c2,0.01011,0.02066,0.95048,0.0303,0.02387,0.53251,20,500,324,2,2,1.86863,0.96343,-0.90519,0.19389
s2,const,6,c4,0.01011,0.02066,0.95048,0.0303,0.02387,0.53251,20,500,324,3,3,0.7284,0.56618,-0.16222,0.33723
s2,const,7,c2,0.01029,0.02614,0.86294,0.02659,0.03263,0.69193,26,500,323,2,2,1.82168,0.95348,-0.86819,0.18628
s2,const,7,c4,0.01029,0.02614,0.86294,0.02659,0.03263,0.69193,26,500,323,3,3,0.68651,0.51975,-0.16676,0.32574
s2,const,8,c2,0.01068,0.02481,0.77858,0.01922,0.03282,0.79599,24,500,324,2,2,1.85408,0.95835,-0.89574,0.19202
s2,const,8,c4,0.01068,0.02481,0.77858,0.01922,0.03282,0.79599,24,500,324,3,3,0.68345,0.52299,-0.16046,0.32837
s2,const,9,c2,0.0111,0.0249,0.81723,0.04452,0.03227,0.41197,21,500,323,2,2,1.85687,0.95466,-0.90221,0.19566
s2,const,9,c4,0.0111,0.0249,0.81723,0.04452,0.03227,0.41197,21,500,323,3,3,0.71165,0.54288,-0.16877,0.33012
s4,full,0,c2,0.29215,0.21185,0.37126,0.2953,0.22754,0.38595,457,500,324,0,2,-0.9067,-0.23174,0.67497,0.35117
s4,full,0,c4,0.29215,0.21185,0.37126,0.2953,0.22754,0.38595,457,500,324,0,3,-0.65799,-0.01028,0.64771,0.39122
s4,full,1,c2,0.30178,0.22627,0.38478,0.30294,0.24178,0.39546,458,500,324,0,2,-0.8799,-0.19403,0.68587,0.34775
s4,full,1,c4,0.30178,0.22627,0.38478,0.30294,0.24178,0.39546,458,500,324,0,3,-0.7082,-0.0485,0.65971,0.38635
s4,full,2,c2,0.30352,0.22329,0.35928,0.30804,0.23865,0.37604,460,500,324,0,2,-0.96029,-0.25254,0.70775,0.35208
s4,full,2,c4,0.30352,0.22329,0.35928,0.30804,0.23865,0.37604,460,500,324,0,3,-0.70939,-0.0388,0.67059,0.38948
s4,full,3,c2,0.30214,0.21459,0.3632,0.30699,0.22353,0.36635,450,500,324,0,2,-0.879,-0.20605,0.67296,0.35119
s4,full,3,c4,0.30214,0.21459,0.3632,0.30699,0.22353,0.36635,450,500,324,0,3,-0.66891,-0.0187,0.65021,0.39011
s4,full,6,c2,0.29946,0.21715,0.35646,0.30289,0.23093,0.36599,464,500,324,0,2,-0.90819,-0.22522,0.68297,0.35479
s4,full,6,c4,0.29946,0.21715,0.35646,0.30289,0.23093,0.36599,464,500,324,0,3,-0.70925,-0.03704,0.67221,0.39258
s4,full,7,c2,0.30035,0.21342,0.36188,0.30294,0.22615,0.37239,458,500,323,0,2,-0.92919,-0.2361,0.69309,0.3491
s4,full,7,c4,0.30035,0.21342,0.36188,0.30294,0.22615,0.37239,458,500,323,0,3,-0.69427,-0.0311,0.66317,0.3916
s4,full,8,c2,0.30681,0.22729,0.36897,0.30917,0.23543,0.37029,448,500,324,0,2,-0.8955,-0.20942,0.68609,0.34937
s4,full,8,c4,0.30681,0.22729,0.36897,0.30917,0.23543,0.37029,448,500,324,0,3,-0.69049,-0.03741,0.65308,0.38603
s4,full,9,c2,0.29648,0.2284,0.38506,0.3021,0.24686,0.39361,455,500,323,0,2,-0.86189,-0.17968,0.68222,0.34342
s4,full,9,c4,0.29648,0.2284,0.38506,0.3021,0.24686,0.39361,455,500,323,0,3,-0.70096,-0.04756,0.6534,0.38522
s4,axis,0,c2,0.00832,0.37025,0.99763,0.03986,0.37376,0.95169,369,500,324,2,2,0.81314,0.98726,0.17412,0.17579
s4,axis,0,c4,0.00832,0.37025,0.99763,0.03986,0.37376,0.95169,369,500,324,2,3,-0.31916,0.02577,0.34493,0.28933
s4,axis,1,c2,0.00887,0.36935,0.9932,0.03151,0.37292,0.96758,369,500,324,2,2,0.8221,0.98764,0.16554,0.17675
s4,axis,1,c4,0.00887,0.36935,0.9932,0.03151,0.37292,0.96758,369,500,324,2,3,-0.3095,0.02399,0.33348,0.2864
s4,axis,2,c2,0.00918,0.36668,0.99674,0.04022,0.36904,0.94894,346,500,324,2,2,0.88558,0.98175,0.09617,0.1867
s4,axis,2,c4,0.00918,0.36668,0.99674,0.04022,0.36904,0.94894,346,500,324,0,3,-0.22373,0.07332,0.29705,0.29497
s4,axis,3,c2,0.00826,0.36972,0.99762,0.04198,0.37069,0.93844,362,500,324,2,2,0.84748,0.98899,0.14152,0.18214
s4,axis,3,c4,0.00826,0.36972,0.99762,0.04198,0.37069,0.93844,362,500,324,2,3,-0.29778,0.03248,0.33026,0.28921
s4,axis,6,c2,0.00746,0.3688,0.99848,0.03024,0.36993,0.96858,342,500,324,2,2,0.83696,0.9802,0.14324,0.1758
s4,axis,6,c4,0.00746,0.3688,0.99848,0.03024,0.36993,0.96858,342,500,324,0,3,-0.28984,0.03413,0.32397,0.2905
s4,axis,7,c2,0.00863,0.36656,0.99815,0.02749,0.36944,0.97354,349,500,323,2,2,0.87054,0.98944,0.1189,0.1812
s4,axis,7,c4,0.00863,0.36656,0.99815,0.02749,0.36944,0.97354,349,500,323,2,3,-0.26843,0.05401,0.32244,0.29154
s4,axis,8,c2,0.00852,0.3542,0.99409,0.0182,0.35465,0.98558,357,500,324,2,2,0.86875,0.98462,0.11587,0.18049
s4,axis,8,c4,0.00852,0.3542,0.99409,0.0182,0.35465,0.98558,357,500,324,0,3,-0.2476,0.06231,0.30991,0.28838
s4,axis,9,c2,0.00896,0.36971,0.99822,0.04349,0.37349,0.93459,365,500,323,2,2,0.81335,0.98008,0.16672,0.17427
s4,axis,9,c4,0.00896,0.36971,0.99822,0.04349,0.37349,0.93459,365,500,323,2,3,-0.31336,0.02983,0.34319,0.28346
s4,parity,0,c2,0.22008,0.01606,0.01439,0.23161,0.03223,0.05345,303,500,324,0,2,-0.16391,-0.1058,0.05812,0.31021
s4,parity,0,c4,0.22008,0.01606,0.01439,0.23161,0.03223,0.05345,303,500,324,3,3,0.326,0.51448,0.18848,0.38969
s4,parity,1,c2,0.22352,0.01702,0.01379,0.23015,0.0321,0.05045,308,500,324,0,2,-0.20653,-0.13535,0.07118,0.30334
s4,parity,1,c4,0.22352,0.01702,0.01379,0.23015,0.0321,0.05045,308,500,324,3,3,0.34804,0.51882,0.17078,0.38017
s4,parity,2,c2,0.22584,0.01951,0.02088,0.23399,0.02652,0.03854,304,500,324,0,2,-0.17484,-0.11259,0.06225,0.30969
s4,parity,2,c4,0.22584,0.01951,0.02088,0.23399,0.02652,0.03854,304,500,324,3,3,0.29402,0.48684,0.19282,0.38532
s4,parity,3,c2,0.23395,0.01716,0.0175,0.24345,0.03454,0.06158,314,500,324,0,2,-0.29867,-0.17573,0.12294,0.31701
s4,parity,3,c4,0.23395,0.01716,0.0175,0.24345,0.03454,0.06158,314,500,324,3,3,0.26432,0.47724,0.21291,0.39132
s4,parity,6,c2,0.22459,0.0173,0.01754,0.23101,0.02773,0.03976,305,500,324,0,2,-0.15583,-0.10059,0.05524,0.31255
s4,parity,6,c4,0.22459,0.0173,0.01754,0.23101,0.02773,0.03976,305,500,324,3,3,0.29491,0.49737,0.20245,0.39046
s4,parity,7,c2,0.22153,0.01811,0.01452,0.23146,0.0292,0.04235,303,500,323,0,2,-0.18021,-0.11296,0.06725,0.30908
s4,parity,7,c4,0.22153,0.01811,0.01452,0.23146,0.0292,0.04235,303,500,323,3,3,0.33205,0.50639,0.17434,0.38844
s4,parity,8,c2,0.21722,0.0158,0.01552,0.22308,0.03044,0.05058,304,500,324,0,2,-0.15533,-0.10609,0.04924,0.30636
s4,parity,8,c4,0.21722,0.0158,0.01552,0.22308,0.03044,0.05058,304,500,324,3,3,0.33428,0.51027,0.17599,0.38123
s4,parity,9,c2,0.22227,0.01465,0.00888,0.23385,0.03005,0.04139,298,500,323,0,2,-0.2159,-0.13413,0.08176,0.30957
s4,parity,9,c4,0.22227,0.01465,0.00888,0.23385,0.03005,0.04139,298,500,323,3,3,0.31347,0.49996,0.18649,0.38722
s4,const,0,c2,0.01067,0.00873,0.25332,0.03854,0.02218,0.28728,6,500,324,2,2,1.89376,0.94713,-0.94663,0.18392
s4,const,0,c4,0.01067,0.00873,0.25332,0.03854,0.02218,0.28728,6,500,324,3,3,1.19655,0.97829,-0.21826,0.29826
s4,const,1,c2,0.0111,0.0088,0.27351,0.03012,0.02038,0.40728,7,500,324,2,2,1.8809,0.93804,-0.94286,0.17961
s4,const,1,c4,0.0111,0.0088,0.27351,0.03012,0.02038,0.40728,7,500,324,3,3,1.19349,0.97199,-0.2215,0.29617
s4,const,2,c2,0.01203,0.01154,0.49953,0.03847,0.01349,0.1397,5,500,324,2,2,1.87869,0.94728,-0.9314,0.18426
s4,const,2,c4,0.01203,0.01154,0.49953,0.03847,0.01349,0.1397,5,500,324,3,3,1.18745,0.97309,-0.21436,0.2996
s4,const,3,c2,0.00967,0.00883,0.36571,0.04138,0.02462,0.39927,4,500,324,2,2,1.89461,0.94851,-0.94609,0.18542
s4,const,3,c4,0.00967,0.00883,0.36571,0.04138,0.02462,0.39927,4,500,324,3,3,1.19369,0.97595,-0.21774,0.30476
s4,const,6,c2,0.00968,0.0068,0.63703,0.02972,0.01219,0.22832,3,500,324,2,2,1.88352,0.94017,-0.94335,0.18128
s4,const,6,c4,0.00968,0.0068,0.63703,0.02972,0.01219,0.22832,3,500,324,3,3,1.18731,0.97819,-0.20913,0.29707
s4,const,7,c2,0.01149,0.01089,0.41228,0.02815,0.0185,0.41123,6,500,323,2,2,1.83818,0.93,-0.90818,0.17543
s4,const,7,c4,0.01149,0.01089,0.41228,0.02815,0.0185,0.41123,6,500,323,3,3,1.1969,0.9664,-0.2305,0.29211
s4,const,8,c2,0.01136,0.00845,0.50495,0.01929,0.01964,0.64614,4,500,324,2,2,1.89765,0.9473,-0.95036,0.18221
s4,const,8,c4,0.01136,0.00845,0.50495,0.01929,0.01964,0.64614,4,500,324,3,3,1.20767,0.97226,-0.23541,0.29586
s4,const,9,c2,0.01181,0.00794,0.39627,0.04371,0.0165,0.1733,6,500,323,2,2,1.87553,0.93585,-0.93968,0.18328
s4,const,9,c4,0.01181,0.00794,0.39627,0.04371,0.0165,0.1733,6,500,323,3,3,1.18934,0.97421,-0.21513,0.29924
