k,seed,dwell_bin,room_gen,room_seen,within_r2,repetition,n
0,0,0-2,0.49141414141414136,0.5000000000000001,-3.630591099177722,nan,254
0,0,2-5,0.6142235123367199,0.553701015965167,-0.8183884797540306,nan,369
0,0,5-10,0.5075945460228161,0.5599999999999999,0.838299040062833,0.7050315014342503,576
0,0,10-inf,0.49931043261358193,0.520375347612724,0.7991583109187669,0.9788643046210534,14145
0,1,0-2,0.49989547038327525,0.5047568710359408,0.14098252815362486,nan,225
0,1,2-5,0.5616826923076923,0.5654807692307692,0.7213665526558299,0.9397770491425044,331
0,1,5-10,0.5389167441461019,0.6075471698113206,0.8871315921043946,0.8554866711761839,541
0,1,10-inf,0.5269719885007843,0.5434387634107367,0.8366223076971796,0.9835084443440429,14930
0,2,0-2,0.4558721049395368,0.40555555555555556,0.06173063778812776,nan,216
0,2,2-5,0.4886792452830189,0.5113207547169811,0.7292100393041681,0.9363888415989751,320
0,2,5-10,0.5021651964715317,0.5115477145148356,0.7269659432735535,0.9050231118779128,518
0,2,10-inf,0.49367838982789786,0.525638403513633,0.8521349234886065,0.9828277058700061,14314
0,3,0-2,0.49777777777777776,0.519390243902439,0.00616217243784396,nan,220
0,3,2-5,0.5096245372818615,0.5031729243786356,0.4952787127092241,0.857370865180863,327
0,3,5-10,0.5493318532884216,0.5799705449189985,0.774348510138459,0.7830196462488982,532
0,3,10-inf,0.5190236895381084,0.5291870100004588,0.8293900089082407,0.9841031011793233,13424
0,4,0-2,0.5290998363338788,0.431219512195122,0.13296464030172392,nan,224
0,4,2-5,0.5404019635083819,0.6033333333333333,0.6908196986950009,nan,330
0,4,5-10,0.48395648688518306,0.624,0.633421189113714,0.82192637665,540
0,4,10-inf,0.5004420132809098,0.512937611020791,0.8879407069215105,0.9786972150958807,15177
0,5,0-2,0.4503968253968254,0.475,0.14650290026714485,nan,246
0,5,2-5,0.4928571428571429,0.5214912280701754,0.5400102041438417,0.9522958852397625,355
0,5,5-10,0.5829192546583851,0.5917343526039178,0.8337311752053772,0.8052188764194679,578
0,5,10-inf,0.4888849976892372,0.5166470398771302,0.7667403077757069,0.9761924474734304,14827
0,6,0-2,0.45616883116883117,0.40455192034139403,0.28749662854841507,nan,236
0,6,2-5,0.49622895622895624,0.5256493506493507,0.7632341323481834,0.8872621485418521,348
0,6,5-10,0.5179792305073203,0.6149642492339121,0.6129761688242465,0.809244484903012,559
0,6,10-inf,0.5143147001900296,0.5231433506044905,0.8018250754657178,0.9832231157829676,14583
0,7,0-2,0.556578947368421,0.4909090909090909,0.20920106452539738,nan,230
0,7,2-5,0.5814537545787546,0.584375,0.7330445957517923,nan,340
0,7,5-10,0.5896624720721,0.6084097035040432,0.5329408313683917,0.8161718324838371,547
0,7,10-inf,0.5219589222519921,0.5403625697349466,0.7607305957040029,0.983135114361071,13649
1,0,0-2,0.505297619047619,0.5944444444444444,0.3615246693653899,nan,256
1,0,2-5,0.5497822931785196,0.5724963715529753,0.862528487485599,nan,372
1,0,5-10,0.537317158931083,0.54,0.946147804036628,0.7891251069962878,581
1,0,10-inf,0.5199751212929496,0.5145922031963105,0.9557847511808916,0.9812876194513018,14089
1,1,0-2,0.5449999999999999,0.6006342494714588,0.5825749589429879,nan,229
1,1,2-5,0.578125,0.559375,0.890876766936627,0.9473788513990945,332
1,1,5-10,0.5118438680690061,0.5528301886792452,0.9626875321981047,0.8753405505776373,545
1,1,10-inf,0.5025024362183559,0.535191482012878,0.9700984226771613,0.9855155329835285,14930
1,2,0-2,0.4900876095118899,0.5052552552552553,0.429827809141746,nan,218
1,2,2-5,0.5553535353535353,0.5255892255892256,0.40878555408061984,0.9534574876682191,323
1,2,5-10,0.5675448009737045,0.5632277834525026,0.31338672248421034,0.9002355555933685,523
1,2,10-inf,0.5058289508751633,0.5248179560622379,0.940098031791867,0.9858119655728061,14327
1,3,0-2,0.5122222222222221,0.6418292682926829,0.2691405751091974,nan,220
1,3,2-5,0.549074563722898,0.5229508196721312,0.83977482104855,0.8980799752865265,327
1,3,5-10,0.5410414752815489,0.5861140332421628,0.9689156797340666,0.8562516575897623,531
1,3,10-inf,0.5145060399930167,0.52432525010004,0.9620951979175869,0.9856828766188444,13349
1,4,0-2,0.5667859272510436,0.578780487804878,0.43602315626210597,nan,225
1,4,2-5,0.5133333333333334,0.6466666666666667,0.8780058151425614,nan,332
1,4,5-10,0.5341084965639421,0.6368484848484848,0.9559341366080556,0.8613508470121007,544
1,4,10-inf,0.49023953626169875,0.5092669432918395,0.9629790690235962,0.9818345420668928,15185
1,5,0-2,0.5649280859807175,0.6178048780487805,0.29044362063542534,nan,248
1,5,2-5,0.5107683000604959,0.5313974591651544,0.7779619937388688,nan,356
1,5,5-10,0.5260391782130912,0.5897515527950311,0.9086672708830805,0.8107098771881952,577
1,5,10-inf,0.4939175247502276,0.5184976495413391,0.9546375549401283,0.9803399949906586,14746
1,6,0-2,0.4855897914721444,0.5005398110661268,0.48612059959498743,nan,238
1,6,2-5,0.5426065162907268,0.5280701754385965,0.9184732533317979,0.9030202347313225,350
1,6,5-10,0.541978021978022,0.6018315018315018,0.9436183068898908,0.8221970056324098,563
1,6,10-inf,0.4928930927353411,0.5222222222222221,0.9776544517855811,0.9850806163753184,14597
1,7,0-2,0.5278829828914718,0.6249471458773785,0.3658657762366031,nan,232
1,7,2-5,0.6,0.6,0.167444220156629,nan,342
1,7,5-10,0.6010678001244039,0.6278021978021978,0.9384222318701525,0.8231307180017071,550
1,7,10-inf,0.49236186269205157,0.5373621613163972,0.9360153850693376,0.9809510446624684,13667
3,0,0-2,0.5314467253176931,0.5705705705705706,0.3005848449641562,nan,260
3,0,2-5,0.6565338923829489,0.5895877009084557,0.8810908181695364,nan,378
3,0,5-10,0.5755248636823718,0.5536585365853659,0.42042956345246835,0.8808532030868088,591
3,0,10-inf,0.5137872862870734,0.5142058104192613,0.9826231015617394,0.9889122336441911,14033
3,1,0-2,0.5314441591784338,0.6181818181818182,0.6581573939184244,nan,229
3,1,2-5,0.5524038461538462,0.5586538461538462,0.913238632841505,0.9700796742957761,333
3,1,5-10,0.5063220314510721,0.6018518518518519,0.9678038566103695,0.9231253157776462,548
3,1,10-inf,0.49345880702924927,0.5360256104128471,0.9363868301721483,0.9928516306995608,14919
3,2,0-2,0.5897085642767745,0.5812312312312312,0.6206753247155996,nan,218
3,2,2-5,0.5403367003367003,0.5624915824915825,0.7054989262404813,0.9604932772331708,323
3,2,5-10,0.5383034921082188,0.5905771195097038,0.4627326051304751,0.932200484813696,523
3,2,10-inf,0.5176490149408915,0.5166751818854065,0.935622126154627,0.9916957718657777,14269
3,3,0-2,0.6056756756756757,0.6010452961672474,0.5546912199828101,nan,226
3,3,2-5,0.5068100358422939,0.5161290322580645,0.9115140695523936,0.9332765205325861,336
3,3,5-10,0.5602902414275508,0.5743838383838384,0.9672683697632563,0.9134797652872333,544
3,3,10-inf,0.515282669596408,0.5196007755468516,0.9813393962627444,0.9916184195854163,13245
3,4,0-2,0.5072394980905619,0.5541463414634147,0.4822367335836635,nan,225
3,4,2-5,0.5391856160761501,0.6306716023268113,0.9458362245795451,nan,334
3,4,5-10,0.5831812358895302,0.613049504950495,0.9496782639624535,0.8989155460852617,547
3,4,10-inf,0.49990403932115807,0.5140891976699623,0.9805229985400175,0.9884080998334713,15164
3,5,0-2,0.5358674463937622,0.6263646922183508,0.493841553644269,nan,247
3,5,2-5,0.6165400350672121,0.5272355347749855,0.9311234446268797,nan,359
3,5,5-10,0.5062486002239641,0.578387458006719,0.9096322201728972,0.9068222146165933,582
3,5,10-inf,0.5037268322508817,0.5221765507485093,0.9822480664386688,0.9896769104665804,14764
3,6,0-2,0.5678210678210678,0.6019230769230769,0.6394773782650518,nan,239
3,6,2-5,0.5385964912280701,0.5490623109497883,-64.8636553695363,0.9366854888319927,351
3,6,5-10,0.48843830005120326,0.6,0.9783319853033614,0.911374223678587,567
3,6,10-inf,0.5194102100979561,0.5219430485762144,0.9712562984489679,0.9917012876516043,14623
3,7,0-2,0.5956451612903225,0.6090909090909091,0.5002982339871906,nan,233
3,7,2-5,0.5828904428904429,0.5951515151515152,0.9176649650898062,nan,344
3,7,5-10,0.6050566187014784,0.6528301886792452,0.9760396095707259,0.9138000872981353,551
3,7,10-inf,0.5194002329443566,0.5309023088301499,0.9760847579244742,0.9925851818154271,13713
