condition,hd_mode,seed,x,y,phase,pc1,pc2,pc3,fold_ratio,var3
s2,axis,0,1,1,0,5.8346,2.2784,-1.1679,0.4568,0.5488
s2,axis,0,1,2,0,4.9068,2.3127,-1.1354,0.4568,0.5488
s2,axis,0,1,3,0,4.4832,2.4191,-1.3206,0.4568,0.5488
s2,axis,0,1,4,0,3.8871,2.3655,-2.0151,0.4568,0.5488
s2,axis,0,1,5,0,3.2042,2.3913,-2.8015,0.4568,0.5488
s2,axis,0,1,6,0,1.687,2.1432,-3.2813,0.4568,0.5488
s2,axis,0,1,7,0,3.0759,2.0404,-4.3317,0.4568,0.5488
s2,axis,0,1,8,0,2.0124,1.3896,-4.0765,0.4568,0.5488
s2,axis,0,1,9,0,1.7921,0.6709,-4.049,0.4568,0.5488
s2,axis,0,1,10,0,2.4585,-0.3042,-4.2912,0.4568,0.5488
s2,axis,0,1,11,0,2.8764,-1.1391,-4.2642,0.4568,0.5488
s2,axis,0,1,12,0,2.7755,-1.8092,-3.8132,0.4568,0.5488
s2,axis,0,1,13,0,2.9387,-2.131,-3.3173,0.4568,0.5488
s2,axis,0,1,14,0,3.3718,-2.1748,-2.29,0.4568,0.5488
s2,axis,0,1,15,0,4.5131,-1.9392,-1.8443,0.4568,0.5488
s2,axis,0,1,16,0,4.8354,-1.6566,-1.0978,0.4568,0.5488
s2,axis,0,1,17,0,5.7967,-0.9803,-1.0981,0.4568,0.5488
s2,axis,0,1,18,0,6.5046,-0.4751,-0.6827,0.4568,0.5488
s2,axis,0,2,1,0,5.1337,2.5684,-0.3841,0.4568,0.5488
s2,axis,0,2,2,0,3.5961,2.4767,-0.4349,0.4568,0.5488
s2,axis,0,2,3,0,2.8244,2.5864,-0.4959,0.4568,0.5488
s2,axis,0,2,4,0,1.6811,2.5846,-1.0626,0.4568,0.5488
s2,axis,0,2,5,0,1.1378,2.5279,-2.0009,0.4568,0.5488
s2,axis,0,2,6,0,0.4249,2.2789,-2.8705,0.4568,0.5488
s2,axis,0,2,7,0,0.7465,1.9565,-3.575,0.4568,0.5488
s2,axis,0,2,8,0,0.712,1.1559,-3.4751,0.4568,0.5488
s2,axis,0,2,9,0,0.6059,0.3317,-3.5536,0.4568,0.5488
s2,axis,0,2,10,0,0.7393,-0.7428,-3.5696,0.4568,0.5488
s2,axis,0,2,11,0,0.7283,-1.7383,-3.2467,0.4568,0.5488
s2,axis,0,2,12,0,1.2452,-2.4755,-3.0518,0.4568,0.5488
s2,axis,0,2,13,0,1.5113,-2.773,-2.5334,0.4568,0.5488
s2,axis,0,2,14,0,1.8145,-2.7864,-1.6326,0.4568,0.5488
s2,axis,0,2,15,0,2.4584,-2.5393,-0.8915,0.4568,0.5488
s2,axis,0,2,16,0,3.2669,-2.3538,-0.4384,0.4568,0.5488
s2,axis,0,2,17,0,4.2891,-1.6061,-0.3791,0.4568,0.5488
s2,axis,0,2,18,0,5.4918,-0.8571,-0.1917,0.4568,0.5488
s2,axis,0,3,1,0,4.4494,2.7518,0.3842,0.4568,0.5488
s2,axis,0,3,2,0,2.1235,2.6208,0.4042,0.4568,0.5488
s2,axis,0,3,3,0,1.2952,2.8936,0.4192,0.4568,0.5488
s2,axis,0,3,4,0,0.5685,2.819,-0.2736,0.4568,0.5488
s2,axis,0,3,5,0,-0.0365,2.8246,-1.2871,0.4568,0.5488
s2,axis,0,3,6,0,-1.1421,2.4943,-2.2178,0.4568,0.5488
s2,axis,0,3,7,0,-0.6755,1.9345,-2.9036,0.4568,0.5488
s2,axis,0,3,8,0,-0.8117,1.1527,-3.1111,0.4568,0.5488
s2,axis,0,3,9,0,-1.1225,0.0914,-3.05,0.4568,0.5488
s2,axis,0,3,10,0,-0.8948,-1.1834,-3.0915,0.4568,0.5488
s2,axis,0,3,11,0,-0.6373,-2.314,-2.7569,0.4568,0.5488
s2,axis,0,3,12,0,-0.1325,-3.1587,-2.3838,0.4568,0.5488
s2,axis,0,3,13,0,0.4659,-3.3722,-1.8477,0.4568,0.5488
s2,axis,0,3,14,0,0.5636,-3.6666,-0.7914,0.4568,0.5488
s2,axis,0,3,15,0,1.3416,-3.5805,-0.0185,0.4568,0.5488
s2,axis,0,3,16,0,2.302,-3.0224,0.5435,0.4568,0.5488
s2,axis,0,3,17,0,3.3812,-2.2164,0.5839,0.4568,0.5488
s2,axis,0,3,18,0,5.0762,-1.4686,0.7514,0.4568,0.5488
s2,axis,0,4,1,0,4.2033,3.0492,1.3828,0.4568,0.5488
s2,axis,0,4,2,0,2.0767,3.013,1.4265,0.4568,0.5488
s2,axis,0,4,3,0,0.8388,3.1718,1.1472,0.4568,0.5488
s2,axis,0,4,4,0,-0.377,3.3082,0.639,0.4568,0.5488
s2,axis,0,4,5,0,-1.3543,3.1775,-0.1409,0.4568,0.5488
s2,axis,0,4,6,0,-1.9386,2.8162,-1.3458,0.4568,0.5488
s2,axis,0,4,7,0,-1.8574,2.1973,-1.8171,0.4568,0.5488
s2,axis,0,4,8,0,-2.0782,1.5111,-2.2795,0.4568,0.5488
s2,axis,0,4,9,0,-2.2304,0.0805,-2.1886,0.4568,0.5488
s2,axis,0,4,10,0,-2.0012,-1.347,-2.3649,0.4568,0.5488
s2,axis,0,4,11,0,-1.7187,-2.4728,-2.0405,0.4568,0.5488
s2,axis,0,4,12,0,-1.2243,-3.3465,-1.4524,0.4568,0.5488
s2,axis,0,4,13,0,-0.9291,-3.7091,-0.6321,0.4568,0.5488
s2,axis,0,4,14,0,-0.3801,-4.2727,0.3221,0.4568,0.5488
s2,axis,0,4,15,0,0.4206,-4.0856,1.0645,0.4568,0.5488
s2,axis,0,4,16,0,1.538,-3.4158,1.4498,0.4568,0.5488
s2,axis,0,4,17,0,2.7854,-2.5247,1.5458,0.4568,0.5488
s2,axis,0,4,18,0,4.4087,-1.7521,1.5623,0.4568,0.5488
s2,axis,0,5,1,0,3.6511,3.1503,2.2177,0.4568,0.5488
s2,axis,0,5,2,0,1.7468,3.1659,2.2548,0.4568,0.5488
s2,axis,0,5,3,0,0.1095,3.4419,2.1687,0.4568,0.5488
s2,axis,0,5,4,0,-0.9402,3.4883,1.5488,0.4568,0.5488
s2,axis,0,5,5,0,-2.0012,3.3323,0.7505,0.4568,0.5488
s2,axis,0,5,6,0,-2.7165,2.944,-0.3798,0.4568,0.5488
s2,axis,0,5,7,0,-2.9388,2.5442,-0.7708,0.4568,0.5488
s2,axis,0,5,8,0,-3.0208,1.6164,-1.2559,0.4568,0.5488
s2,axis,0,5,9,0,-3.0511,0.4491,-1.3856,0.4568,0.5488
s2,axis,0,5,10,0,-2.928,-1.0425,-1.4338,0.4568,0.5488
s2,axis,0,5,11,0,-2.5876,-2.3198,-1.1482,0.4568,0.5488
s2,axis,0,5,12,0,-2.2545,-3.4673,-0.6617,0.4568,0.5488
s2,axis,0,5,13,0,-1.9721,-4.0792,0.0462,0.4568,0.5488
s2,axis,0,5,14,0,-1.2234,-4.3578,1.2064,0.4568,0.5488
s2,axis,0,5,15,0,-0.2198,-4.0472,2.0261,0.4568,0.5488
s2,axis,0,5,16,0,0.7594,-3.5683,2.489,0.4568,0.5488
s2,axis,0,5,17,0,2.1431,-2.7013,2.5567,0.4568,0.5488
s2,axis,0,5,18,0,4.0765,-1.8318,2.4131,0.4568,0.5488
s2,axis,0,6,1,0,2.9291,2.916,2.6998,0.4568,0.5488
s2,axis,0,6,2,0,1.222,3.0607,2.8829,0.4568,0.5488
s2,axis,0,6,3,0,-0.6164,3.2502,2.8353,0.4568,0.5488
s2,axis,0,6,4,0,-1.7488,3.3495,2.2012,0.4568,0.5488
s2,axis,0,6,5,0,-2.5433,3.2478,1.4939,0.4568,0.5488
s2,axis,0,6,6,0,-3.0946,2.8763,0.2037,0.4568,0.5488
s2,axis,0,6,7,0,-3.466,2.6031,-0.3244,0.4568,0.5488
s2,axis,0,6,8,0,-3.6162,1.8181,-0.833,0.4568,0.5488
s2,axis,0,6,9,0,-3.5847,0.5944,-0.8991,0.4568,0.5488
s2,axis,0,6,10,0,-3.4657,-0.7417,-0.9326,0.4568,0.5488
s2,axis,0,6,11,0,-3.2411,-2.2082,-0.6982,0.4568,0.5488
s2,axis,0,6,12,0,-2.8667,-3.4258,-0.1873,0.4568,0.5488
s2,axis,0,6,13,0,-2.5077,-3.9494,0.8515,0.4568,0.5488
s2,axis,0,6,14,0,-1.7712,-4.1398,1.7361,0.4568,0.5488
s2,axis,0,6,15,0,-0.7695,-3.8989,2.5908,0.4568,0.5488
s2,axis,0,6,16,0,0.656,-3.3649,3.1431,0.4568,0.5488
s2,axis,0,6,17,0,2.1241,-2.5247,2.8952,0.4568,0.5488
s2,axis,0,6,18,0,3.9392,-1.7244,2.8731,0.4568,0.5488
s2,axis,0,7,1,0,3.1858,2.8348,2.8313,0.4568,0.5488
s2,axis,0,7,2,0,0.6918,2.7369,2.8811,0.4568,0.5488
s2,axis,0,7,3,0,-0.7051,2.8581,2.9428,0.4568,0.5488
s2,axis,0,7,4,0,-1.8134,2.9154,2.4434,0.4568,0.5488
s2,axis,0,7,5,0,-2.7218,2.8248,1.5758,0.4568,0.5488
s2,axis,0,7,6,0,-3.3863,2.7177,0.3746,0.4568,0.5488
s2,axis,0,7,7,0,-3.5335,2.301,-0.2179,0.4568,0.5488
s2,axis,0,7,8,0,-3.7005,1.6692,-0.5253,0.4568,0.5488
s2,axis,0,7,9,0,-3.8143,0.6565,-0.7649,0.4568,0.5488
s2,axis,0,7,10,0,-3.7252,-0.6783,-0.9107,0.4568,0.5488
s2,axis,0,7,11,0,-3.4361,-1.907,-0.5062,0.4568,0.5488
s2,axis,0,7,12,0,-3.0053,-2.8942,-0.0607,0.4568,0.5488
s2,axis,0,7,13,0,-2.6513,-3.3094,0.7058,0.4568,0.5488
s2,axis,0,7,14,0,-1.8991,-3.3841,1.8284,0.4568,0.5488
s2,axis,0,7,15,0,-0.8781,-3.2647,2.7961,0.4568,0.5488
s2,axis,0,7,16,0,0.2176,-2.8934,3.2156,0.4568,0.5488
s2,axis,0,7,17,0,1.5163,-2.1306,3.0248,0.4568,0.5488
s2,axis,0,7,18,0,3.2443,-1.4423,2.8814,0.4568,0.5488
s2,axis,0,8,1,0,3.007,2.3054,2.7541,0.4568,0.5488
s2,axis,0,8,2,0,1.1197,2.1249,2.8671,0.4568,0.5488
s2,axis,0,8,3,0,-0.5157,2.1098,2.8305,0.4568,0.5488
s2,axis,0,8,4,0,-1.8207,2.0954,2.2622,0.4568,0.5488
s2,axis,0,8,5,0,-2.7365,2.0921,1.5057,0.4568,0.5488
s2,axis,0,8,6,0,-3.4991,2.0926,0.3503,0.4568,0.5488
s2,axis,0,8,7,0,-3.6579,1.9603,-0.2125,0.4568,0.5488
s2,axis,0,8,8,0,-3.759,1.397,-0.5358,0.4568,0.5488
s2,axis,0,8,9,0,-3.8639,0.7226,-0.6211,0.4568,0.5488
s2,axis,0,8,10,0,-3.7221,-0.3811,-0.771,0.4568,0.5488
s2,axis,0,8,11,0,-3.5304,-1.2727,-0.5199,0.4568,0.5488
s2,axis,0,8,12,0,-3.2965,-1.8704,-0.0134,0.4568,0.5488
s2,axis,0,8,13,0,-2.9574,-2.275,0.7351,0.4568,0.5488
s2,axis,0,8,14,0,-2.1637,-2.3831,1.628,0.4568,0.5488
s2,axis,0,8,15,0,-1.1632,-2.0301,2.4605,0.4568,0.5488
s2,axis,0,8,16,0,0.0533,-1.6756,3.044,0.4568,0.5488
s2,axis,0,8,17,0,1.2818,-1.039,2.7089,0.4568,0.5488
s2,axis,0,8,18,0,3.0809,-0.5734,2.7782,0.4568,0.5488
s2,axis,0,9,1,0,2.4375,1.4524,2.6561,0.4568,0.5488
s2,axis,0,9,2,0,1.0259,1.2363,2.8453,0.4568,0.5488
s2,axis,0,9,3,0,-0.6175,1.1828,2.8943,0.4568,0.5488
s2,axis,0,9,4,0,-1.6427,0.9369,2.2663,0.4568,0.5488
s2,axis,0,9,5,0,-2.6603,0.9538,1.618,0.4568,0.5488
s2,axis,0,9,6,0,-3.333,1.0428,0.4082,0.4568,0.5488
s2,axis,0,9,7,0,-3.6734,0.8893,-0.1323,0.4568,0.5488
s2,axis,0,9,8,0,-3.7984,0.6766,-0.5451,0.4568,0.5488
s2,axis,0,9,9,0,-3.7894,0.5218,-0.6944,0.4568,0.5488
s2,axis,0,9,10,0,-3.8409,0.0981,-0.8255,0.4568,0.5488
s2,axis,0,9,11,0,-3.6464,-0.0681,-0.4003,0.4568,0.5488
s2,axis,0,9,12,0,-3.3886,-0.5377,0.0768,0.4568,0.5488
s2,axis,0,9,13,0,-3.1814,-0.6966,0.5914,0.4568,0.5488
s2,axis,0,9,14,0,-2.5585,-0.9238,1.6359,0.4568,0.5488
s2,axis,0,9,15,0,-1.6176,-0.5175,2.2411,0.4568,0.5488
s2,axis,0,9,16,0,-0.4224,-0.3916,2.9278,0.4568,0.5488
s2,axis,0,9,17,0,1.0248,0.1032,2.7649,0.4568,0.5488
s2,axis,0,9,18,0,3.0143,0.5843,2.7108,0.4568,0.5488
s2,axis,0,10,1,1,3.0237,0.5019,2.7477,0.4568,0.5488
s2,axis,0,10,2,1,1.054,-0.0846,2.8373,0.4568,0.5488
s2,axis,0,10,3,1,-0.3518,-0.2689,2.8801,0.4568,0.5488
s2,axis,0,10,4,1,-1.4863,-0.5158,2.3722,0.4568,0.5488
s2,axis,0,10,5,1,-2.5118,-0.8074,1.5895,0.4568,0.5488
s2,axis,0,10,6,1,-3.1563,-0.5442,0.4637,0.4568,0.5488
s2,axis,0,10,7,1,-3.4741,-0.4965,-0.0159,0.4568,0.5488
s2,axis,0,10,8,1,-3.7573,-0.2629,-0.5141,0.4568,0.5488
s2,axis,0,10,9,1,-3.9366,0.2256,-0.7302,0.4568,0.5488
s2,axis,0,10,10,1,-3.9401,0.3795,-0.7567,0.4568,0.5488
s2,axis,0,10,11,1,-3.794,0.7576,-0.4752,0.4568,0.5488
s2,axis,0,10,12,1,-3.6808,1.0109,0.0633,0.4568,0.5488
s2,axis,0,10,13,1,-3.3739,0.9854,0.5761,0.4568,0.5488
s2,axis,0,10,14,1,-2.7395,0.8223,1.5304,0.4568,0.5488
s2,axis,0,10,15,1,-1.7618,0.9653,2.1414,0.4568,0.5488
s2,axis,0,10,16,1,-0.3195,1.1969,2.7775,0.4568,0.5488
s2,axis,0,10,17,1,1.1006,1.2112,2.8087,0.4568,0.5488
s2,axis,0,10,18,1,3.0749,1.6452,2.7498,0.4568,0.5488
s2,axis,0,11,1,1,3.2541,-0.6851,2.8355,0.4568,0.5488
s2,axis,0,11,2,1,1.5674,-1.1263,2.9307,0.4568,0.5488
s2,axis,0,11,3,1,-0.206,-1.6651,2.9077,0.4568,0.5488
s2,axis,0,11,4,1,-1.3989,-2.1669,2.3529,0.4568,0.5488
s2,axis,0,11,5,1,-2.2566,-2.3595,1.5676,0.4568,0.5488
s2,axis,0,11,6,1,-2.9558,-2.2622,0.6468,0.4568,0.5488
s2,axis,0,11,7,1,-3.2392,-2.026,0.1826,0.4568,0.5488
s2,axis,0,11,8,1,-3.5158,-1.2476,-0.4097,0.4568,0.5488
s2,axis,0,11,9,1,-3.7339,-0.2908,-0.7693,0.4568,0.5488
s2,axis,0,11,10,1,-3.9433,0.5451,-0.8449,0.4568,0.5488
s2,axis,0,11,11,1,-3.8395,1.3995,-0.6774,0.4568,0.5488
s2,axis,0,11,12,1,-3.7694,1.8512,-0.4131,0.4568,0.5488
s2,axis,0,11,13,1,-3.5253,2.329,0.1886,0.4568,0.5488
s2,axis,0,11,14,1,-2.8206,2.0984,1.4066,0.4568,0.5488
s2,axis,0,11,15,1,-1.847,2.1294,2.3293,0.4568,0.5488
s2,axis,0,11,16,1,-0.7961,1.9694,2.6215,0.4568,0.5488
s2,axis,0,11,17,1,0.7741,2.1107,2.7869,0.4568,0.5488
s2,axis,0,11,18,1,2.3201,2.1366,2.6977,0.4568,0.5488
s2,axis,0,12,1,1,3.4284,-1.5176,2.9238,0.4568,0.5488
s2,axis,0,12,2,1,1.6148,-2.0457,2.9595,0.4568,0.5488
s2,axis,0,12,3,1,-0.119,-2.8632,3.1259,0.4568,0.5488
s2,axis,0,12,4,1,-1.0963,-3.281,2.6828,0.4568,0.5488
s2,axis,0,12,5,1,-1.9193,-3.3127,1.7968,0.4568,0.5488
s2,axis,0,12,6,1,-2.675,-3.4077,0.7367,0.4568,0.5488
s2,axis,0,12,7,1,-3.0503,-2.8256,0.0815,0.4568,0.5488
s2,axis,0,12,8,1,-3.4093,-1.8647,-0.266,0.4568,0.5488
s2,axis,0,12,9,1,-3.6758,-0.6045,-0.5817,0.4568,0.5488
s2,axis,0,12,10,1,-3.7567,0.6334,-0.6433,0.4568,0.5488
s2,axis,0,12,11,1,-3.8206,1.6841,-0.5056,0.4568,0.5488
s2,axis,0,12,12,1,-3.7408,2.4453,-0.2102,0.4568,0.5488
s2,axis,0,12,13,1,-3.557,2.7955,0.4759,0.4568,0.5488
s2,axis,0,12,14,1,-2.7151,2.831,1.4221,0.4568,0.5488
s2,axis,0,12,15,1,-1.7697,2.9155,2.4158,0.4568,0.5488
s2,axis,0,12,16,1,-0.2722,2.8842,2.9176,0.4568,0.5488
s2,axis,0,12,17,1,0.9997,2.7747,2.935,0.4568,0.5488
s2,axis,0,12,18,1,3.4753,2.9413,2.9254,0.4568,0.5488
s2,axis,0,13,1,1,3.158,-1.7986,2.7325,0.4568,0.5488
s2,axis,0,13,2,1,1.7399,-2.5218,2.8964,0.4568,0.5488
s2,axis,0,13,3,1,0.1953,-3.3598,3.0327,0.4568,0.5488
s2,axis,0,13,4,1,-0.7597,-3.712,2.4915,0.4568,0.5488
s2,axis,0,13,5,1,-1.7533,-4.01,1.7366,0.4568,0.5488
s2,axis,0,13,6,1,-2.5256,-3.9785,0.5736,0.4568,0.5488
s2,axis,0,13,7,1,-2.8454,-3.3487,-0.1274,0.4568,0.5488
s2,axis,0,13,8,1,-3.1885,-2.3107,-0.4625,0.4568,0.5488
s2,axis,0,13,9,1,-3.4817,-1.0224,-0.9934,0.4568,0.5488
s2,axis,0,13,10,1,-3.6654,0.2568,-1.168,0.4568,0.5488
s2,axis,0,13,11,1,-3.6543,1.6634,-0.9316,0.4568,0.5488
s2,axis,0,13,12,1,-3.5939,2.5803,-0.6277,0.4568,0.5488
s2,axis,0,13,13,1,-3.3589,3.0278,0.1105,0.4568,0.5488
s2,axis,0,13,14,1,-2.4625,2.9709,1.2075,0.4568,0.5488
s2,axis,0,13,15,1,-1.6768,3.2969,2.2468,0.4568,0.5488
s2,axis,0,13,16,1,-0.4581,3.1877,2.7043,0.4568,0.5488
s2,axis,0,13,17,1,1.2348,3.0259,2.7625,0.4568,0.5488
s2,axis,0,13,18,1,3.4224,3.0805,2.7628,0.4568,0.5488
s2,axis,0,14,1,1,4.4576,-1.7993,2.4044,0.4568,0.5488
s2,axis,0,14,2,1,2.789,-2.4815,2.5167,0.4568,0.5488
s2,axis,0,14,3,1,1.195,-3.4678,2.5441,0.4568,0.5488
s2,axis,0,14,4,1,-0.1427,-4.1595,2.022,0.4568,0.5488
s2,axis,0,14,5,1,-1.2362,-4.4278,1.2276,0.4568,0.5488
s2,axis,0,14,6,1,-1.9686,-4.183,0.1837,0.4568,0.5488
s2,axis,0,14,7,1,-2.2641,-3.5456,-0.5078,0.4568,0.5488
s2,axis,0,14,8,1,-2.7173,-2.4546,-1.1567,0.4568,0.5488
s2,axis,0,14,9,1,-2.8254,-1.254,-1.3813,0.4568,0.5488
s2,axis,0,14,10,1,-3.0601,0.2699,-1.4687,0.4568,0.5488
s2,axis,0,14,11,1,-2.9748,1.5762,-1.1582,0.4568,0.5488
s2,axis,0,14,12,1,-2.981,2.5313,-1.0834,0.4568,0.5488
s2,axis,0,14,13,1,-2.8329,3.0423,-0.4577,0.4568,0.5488
s2,axis,0,14,14,1,-2.0284,3.2394,0.6711,0.4568,0.5488
s2,axis,0,14,15,1,-1.0605,3.4478,1.599,0.4568,0.5488
s2,axis,0,14,16,1,0.008,3.3986,2.1125,0.4568,0.5488
s2,axis,0,14,17,1,1.1748,3.1234,2.2253,0.4568,0.5488
s2,axis,0,14,18,1,2.9534,2.9411,2.1251,0.4568,0.5488
s2,axis,0,15,1,1,4.4007,-1.7085,1.5419,0.4568,0.5488
s2,axis,0,15,2,1,2.5061,-2.5274,1.5354,0.4568,0.5488
s2,axis,0,15,3,1,1.7112,-3.4124,1.4391,0.4568,0.5488
s2,axis,0,15,4,1,0.4056,-4.074,0.9911,0.4568,0.5488
s2,axis,0,15,5,1,-0.4629,-4.1165,0.2367,0.4568,0.5488
s2,axis,0,15,6,1,-1.0415,-3.9973,-0.8122,0.4568,0.5488
s2,axis,0,15,7,1,-1.43,-3.4431,-1.4578,0.4568,0.5488
s2,axis,0,15,8,1,-1.902,-2.4536,-1.9763,0.4568,0.5488
s2,axis,0,15,9,1,-2.0375,-1.238,-2.2167,0.4568,0.5488
s2,axis,0,15,10,1,-2.2213,0.1239,-2.2378,0.4568,0.5488
s2,axis,0,15,11,1,-2.0621,1.27,-2.0901,0.4568,0.5488
s2,axis,0,15,12,1,-2.2374,2.2748,-1.8935,0.4568,0.5488
s2,axis,0,15,13,1,-1.9886,2.832,-1.2892,0.4568,0.5488
s2,axis,0,15,14,1,-1.0104,2.9029,-0.1805,0.4568,0.5488
s2,axis,0,15,15,1,-0.0484,3.2389,0.6852,0.4568,0.5488
s2,axis,0,15,16,1,0.7302,3.1019,1.2799,0.4568,0.5488
s2,axis,0,15,17,1,1.9822,2.8505,1.1898,0.4568,0.5488
s2,axis,0,15,18,1,3.8756,2.9995,1.2985,0.4568,0.5488
s2,axis,0,16,1,1,4.9215,-1.4742,0.637,0.4568,0.5488
s2,axis,0,16,2,1,3.3971,-2.3481,0.6892,0.4568,0.5488
s2,axis,0,16,3,1,2.4729,-3.1354,0.6508,0.4568,0.5488
s2,axis,0,16,4,1,1.5305,-3.4688,0.0115,0.4568,0.5488
s2,axis,0,16,5,1,0.3561,-3.5969,-0.6581,0.4568,0.5488
s2,axis,0,16,6,1,0.0564,-3.5567,-1.8177,0.4568,0.5488
s2,axis,0,16,7,1,-0.2212,-3.1554,-2.3934,0.4568,0.5488
s2,axis,0,16,8,1,-0.7587,-2.3681,-2.7884,0.4568,0.5488
s2,axis,0,16,9,1,-0.636,-0.9976,-3.2202,0.4568,0.5488
s2,axis,0,16,10,1,-0.7498,0.0497,-3.3329,0.4568,0.5488
s2,axis,0,16,11,1,-0.8395,1.022,-3.0547,0.4568,0.5488
s2,axis,0,16,12,1,-0.9189,1.8998,-2.6728,0.4568,0.5488
s2,axis,0,16,13,1,-0.7653,2.4931,-2.3001,0.4568,0.5488
s2,axis,0,16,14,1,0.0402,2.6692,-1.2323,0.4568,0.5488
s2,axis,0,16,15,1,0.552,2.8844,-0.2551,0.4568,0.5488
s2,axis,0,16,16,1,1.3225,2.7797,0.2707,0.4568,0.5488
s2,axis,0,16,17,1,3.0102,2.7357,0.4036,0.4568,0.5488
s2,axis,0,16,18,1,4.6995,2.8278,0.4324,0.4568,0.5488
s2,axis,0,17,1,1,5.5761,-1.0193,-0.1915,0.4568,0.5488
s2,axis,0,17,2,1,4.0847,-1.741,-0.1419,0.4568,0.5488
s2,axis,0,17,3,1,3.6477,-2.3808,-0.4718,0.4568,0.5488
s2,axis,0,17,4,1,2.4025,-2.6958,-0.8269,0.4568,0.5488
s2,axis,0,17,5,1,1.8107,-2.7643,-1.598,0.4568,0.5488
s2,axis,0,17,6,1,1.3847,-2.8342,-2.5007,0.4568,0.5488
s2,axis,0,17,7,1,1.3194,-2.2194,-2.8651,0.4568,0.5488
s2,axis,0,17,8,1,0.4439,-1.7179,-3.0349,0.4568,0.5488
s2,axis,0,17,9,1,1.1295,-0.582,-3.75,0.4568,0.5488
s2,axis,0,17,10,1,0.774,0.5291,-3.664,0.4568,0.5488
s2,axis,0,17,11,1,0.5113,1.2532,-3.5254,0.4568,0.5488
s2,axis,0,17,12,1,0.5803,1.9309,-3.3407,0.4568,0.5488
s2,axis,0,17,13,1,0.6116,2.3436,-3.0459,0.4568,0.5488
s2,axis,0,17,14,1,1.1082,2.5425,-1.9859,0.4568,0.5488
s2,axis,0,17,15,1,1.397,2.6284,-0.9698,0.4568,0.5488
s2,axis,0,17,16,1,2.8612,2.6302,-0.5523,0.4568,0.5488
s2,axis,0,17,17,1,3.6619,2.4484,-0.4972,0.4568,0.5488
s2,axis,0,17,18,1,5.1376,2.5601,-0.4647,0.4568,0.5488
s2,axis,0,18,1,1,6.301,-0.5353,-0.7328,0.4568,0.5488
s2,axis,0,18,2,1,5.4595,-1.0835,-0.9144,0.4568,0.5488
s2,axis,0,18,3,1,5.422,-1.6003,-1.2143,0.4568,0.5488
s2,axis,0,18,4,1,4.2074,-1.8424,-1.7014,0.4568,0.5488
s2,axis,0,18,5,1,3.1984,-2.1619,-2.194,0.4568,0.5488
s2,axis,0,18,6,1,3.1936,-2.0371,-3.4906,0.4568,0.5488
s2,axis,0,18,7,1,3.1388,-1.779,-3.9807,0.4568,0.5488
s2,axis,0,18,8,1,1.9528,-1.1126,-3.7119,0.4568,0.5488
s2,axis,0,18,9,1,2.8893,-0.1441,-4.4016,0.4568,0.5488
s2,axis,0,18,10,1,2.9302,0.8011,-4.48,0.4568,0.5488
s2,axis,0,18,11,1,2.4463,1.4559,-4.2149,0.4568,0.5488
s2,axis,0,18,12,1,2.4617,2.011,-4.1075,0.4568,0.5488
s2,axis,0,18,13,1,2.2613,2.221,-3.5891,0.4568,0.5488
s2,axis,0,18,14,1,2.652,2.3725,-2.5876,0.4568,0.5488
s2,axis,0,18,15,1,3.5175,2.3736,-1.8981,0.4568,0.5488
s2,axis,0,18,16,1,4.7421,2.3898,-1.3676,0.4568,0.5488
s2,axis,0,18,17,1,4.6702,2.1248,-1.0571,0.4568,0.5488
s2,axis,0,18,18,1,6.0402,2.2804,-1.2321,0.4568,0.5488
s1,axis,0,1,1,0,5.3335,3.0855,0.3712,1.8511,0.4971
s1,axis,0,1,2,0,4.7971,3.0292,1.011,1.8511,0.4971
s1,axis,0,1,3,0,4.2327,2.9025,1.4209,1.8511,0.4971
s1,axis,0,1,4,0,4.0761,2.717,2.1137,1.8511,0.4971
s1,axis,0,1,5,0,3.4855,2.2068,2.973,1.8511,0.4971
s1,axis,0,1,6,0,2.4875,1.6244,3.6492,1.8511,0.4971
s1,axis,0,1,7,0,3.1276,1.0798,3.9463,1.8511,0.4971
s1,axis,0,1,8,0,2.3582,0.0766,3.7276,1.8511,0.4971
s1,axis,0,1,9,0,2.4427,-0.9043,3.4814,1.8511,0.4971
s1,axis,0,1,10,0,2.4613,-1.8795,3.0497,1.8511,0.4971
s1,axis,0,1,11,0,2.8634,-2.5515,2.5284,1.8511,0.4971
s1,axis,0,1,12,0,3.2477,-2.8869,1.9379,1.8511,0.4971
s1,axis,0,1,13,0,3.4115,-2.9817,1.3635,1.8511,0.4971
s1,axis,0,1,14,0,4.0531,-2.5293,0.3192,1.8511,0.4971
s1,axis,0,1,15,0,4.4647,-2.0147,-0.3748,1.8511,0.4971
s1,axis,0,1,16,0,4.8989,-1.4855,-0.8963,1.8511,0.4971
s1,axis,0,1,17,0,5.2336,-0.9629,-1.0294,1.8511,0.4971
s1,axis,0,1,18,0,5.6091,-0.361,-1.1812,1.8511,0.4971
s1,axis,0,2,1,0,4.8774,3.3362,0.4625,1.8511,0.4971
s1,axis,0,2,2,0,3.6448,3.1309,1.1055,1.8511,0.4971
s1,axis,0,2,3,0,3.0626,2.9893,1.4451,1.8511,0.4971
s1,axis,0,2,4,0,2.5463,2.869,2.3366,1.8511,0.4971
s1,axis,0,2,5,0,2.0419,2.3752,3.0801,1.8511,0.4971
s1,axis,0,2,6,0,1.4629,1.6487,3.8578,1.8511,0.4971
s1,axis,0,2,7,0,1.6257,0.9059,4.0051,1.8511,0.4971
s1,axis,0,2,8,0,1.4546,0.0547,3.9263,1.8511,0.4971
s1,axis,0,2,9,0,1.296,-1.0797,3.5712,1.8511,0.4971
s1,axis,0,2,10,0,1.4565,-2.2457,3.0931,1.8511,0.4971
s1,axis,0,2,11,0,1.6542,-2.9759,2.5657,1.8511,0.4971
s1,axis,0,2,12,0,2.0681,-3.3625,1.7558,1.8511,0.4971
s1,axis,0,2,13,0,2.5755,-3.5035,1.0736,1.8511,0.4971
s1,axis,0,2,14,0,3.0853,-3.2647,0.1631,1.8511,0.4971
s1,axis,0,2,15,0,3.4658,-2.7644,-0.5731,1.8511,0.4971
s1,axis,0,2,16,0,4.0285,-2.0842,-1.0189,1.8511,0.4971
s1,axis,0,2,17,0,4.0501,-1.5915,-1.1539,1.8511,0.4971
s1,axis,0,2,18,0,5.1309,-0.582,-1.3731,1.8511,0.4971
s1,axis,0,3,1,0,4.1586,3.6574,0.2245,1.8511,0.4971
s1,axis,0,3,2,0,2.8322,3.4671,0.8778,1.8511,0.4971
s1,axis,0,3,3,0,1.8621,3.6212,1.6137,1.8511,0.4971
s1,axis,0,3,4,0,1.4215,3.2997,2.2876,1.8511,0.4971
s1,axis,0,3,5,0,0.9761,2.6199,3.1827,1.8511,0.4971
s1,axis,0,3,6,0,0.2449,1.8303,4.0999,1.8511,0.4971
s1,axis,0,3,7,0,0.3851,0.964,4.1927,1.8511,0.4971
s1,axis,0,3,8,0,0.2401,-0.0174,3.9056,1.8511,0.4971
s1,axis,0,3,9,0,0.2659,-1.33,3.7818,1.8511,0.4971
s1,axis,0,3,10,0,0.3491,-2.6262,3.1754,1.8511,0.4971
s1,axis,0,3,11,0,0.801,-3.5194,2.3614,1.8511,0.4971
s1,axis,0,3,12,0,1.1689,-4.2669,1.4644,1.8511,0.4971
s1,axis,0,3,13,0,1.998,-4.1291,0.6718,1.8511,0.4971
s1,axis,0,3,14,0,2.3069,-3.9025,-0.333,1.8511,0.4971
s1,axis,0,3,15,0,2.7893,-3.4175,-1.0593,1.8511,0.4971
s1,axis,0,3,16,0,3.0967,-2.5447,-1.4302,1.8511,0.4971
s1,axis,0,3,17,0,3.6014,-2.1188,-1.3982,1.8511,0.4971
s1,axis,0,3,18,0,4.9477,-1.0479,-1.6844,1.8511,0.4971
s1,axis,0,4,1,0,3.8373,4.3219,-0.5957,1.8511,0.4971
s1,axis,0,4,2,0,2.1125,4.1707,0.0414,1.8511,0.4971
s1,axis,0,4,3,0,1.1773,4.0952,0.8298,1.8511,0.4971
s1,axis,0,4,4,0,0.2029,3.9065,1.771,1.8511,0.4971
s1,axis,0,4,5,0,-0.5562,3.2126,2.4977,1.8511,0.4971
s1,axis,0,4,6,0,-1.1696,2.5265,3.4881,1.8511,0.4971
s1,axis,0,4,7,0,-0.9623,1.4503,3.4465,1.8511,0.4971
s1,axis,0,4,8,0,-1.2638,0.4391,3.1812,1.8511,0.4971
s1,axis,0,4,9,0,-1.2278,-1.1111,3.0965,1.8511,0.4971
s1,axis,0,4,10,0,-0.8622,-2.5154,2.5889,1.8511,0.4971
s1,axis,0,4,11,0,-0.5395,-3.6795,1.7008,1.8511,0.4971
s1,axis,0,4,12,0,0.0327,-4.2743,0.7019,1.8511,0.4971
s1,axis,0,4,13,0,0.6144,-4.3908,-0.0784,1.8511,0.4971
s1,axis,0,4,14,0,1.2518,-4.2492,-1.0677,1.8511,0.4971
s1,axis,0,4,15,0,1.8836,-3.7907,-1.7592,1.8511,0.4971
s1,axis,0,4,16,0,2.5147,-3.0297,-2.1339,1.8511,0.4971
s1,axis,0,4,17,0,3.2773,-2.2803,-2.2181,1.8511,0.4971
s1,axis,0,4,18,0,4.1821,-1.3877,-2.1855,1.8511,0.4971
s1,axis,0,5,1,0,2.3803,4.6721,-1.439,1.8511,0.4971
s1,axis,0,5,2,0,0.9538,4.639,-0.9306,1.8511,0.4971
s1,axis,0,5,3,0,-0.2733,4.7387,-0.2891,1.8511,0.4971
s1,axis,0,5,4,0,-1.1346,4.4527,0.7712,1.8511,0.4971
s1,axis,0,5,5,0,-2.1046,3.7317,1.5715,1.8511,0.4971
s1,axis,0,5,6,0,-2.7369,2.9324,2.4863,1.8511,0.4971
s1,axis,0,5,7,0,-2.9502,2.0761,2.4133,1.8511,0.4971
s1,axis,0,5,8,0,-2.9777,0.7723,2.2114,1.8511,0.4971
s1,axis,0,5,9,0,-2.9646,-0.9091,1.7416,1.8511,0.4971
s1,axis,0,5,10,0,-2.4506,-2.1234,1.5192,1.8511,0.4971
s1,axis,0,5,11,0,-1.9815,-3.3156,0.6068,1.8511,0.4971
s1,axis,0,5,12,0,-1.4964,-4.308,-0.2161,1.8511,0.4971
s1,axis,0,5,13,0,-1.0412,-4.558,-1.1176,1.8511,0.4971
s1,axis,0,5,14,0,-0.2558,-4.085,-2.3046,1.8511,0.4971
s1,axis,0,5,15,0,0.6337,-3.5213,-2.8056,1.8511,0.4971
s1,axis,0,5,16,0,1.2666,-2.8556,-3.0295,1.8511,0.4971
s1,axis,0,5,17,0,1.9534,-2.1393,-3.1082,1.8511,0.4971
s1,axis,0,5,18,0,2.9131,-1.3014,-2.9296,1.8511,0.4971
s1,axis,0,6,1,0,1.4514,4.7875,-2.2898,1.8511,0.4971
s1,axis,0,6,2,0,0.3846,4.8446,-1.9172,1.8511,0.4971
s1,axis,0,6,3,0,-1.0353,4.9346,-1.2669,1.8511,0.4971
s1,axis,0,6,4,0,-2.0894,4.7019,-0.3268,1.8511,0.4971
s1,axis,0,6,5,0,-3.1307,4.1189,0.5276,1.8511,0.4971
s1,axis,0,6,6,0,-3.8509,3.2443,1.667,1.8511,0.4971
s1,axis,0,6,7,0,-4.2062,2.4347,1.5912,1.8511,0.4971
s1,axis,0,6,8,0,-4.2233,1.2196,1.4192,1.8511,0.4971
s1,axis,0,6,9,0,-4.07,-0.2864,0.9855,1.8511,0.4971
s1,axis,0,6,10,0,-3.5965,-1.8253,0.6477,1.8511,0.4971
s1,axis,0,6,11,0,-3.242,-2.9594,-0.1661,1.8511,0.4971
s1,axis,0,6,12,0,-2.6306,-3.937,-0.8788,1.8511,0.4971
s1,axis,0,6,13,0,-2.0601,-4.1073,-2.0584,1.8511,0.4971
s1,axis,0,6,14,0,-1.3426,-3.8111,-2.8442,1.8511,0.4971
s1,axis,0,6,15,0,-0.5573,-3.1038,-3.7035,1.8511,0.4971
s1,axis,0,6,16,0,0.6124,-2.2885,-4.0847,1.8511,0.4971
s1,axis,0,6,17,0,1.5288,-1.5601,-4.1403,1.8511,0.4971
s1,axis,0,6,18,0,2.4942,-0.6602,-4.0826,1.8511,0.4971
s1,axis,0,7,1,0,1.4185,4.6461,-2.8911,1.8511,0.4971
s1,axis,0,7,2,0,-0.1544,4.4685,-2.3205,1.8511,0.4971
s1,axis,0,7,3,0,-1.3502,4.6907,-1.8118,1.8511,0.4971
s1,axis,0,7,4,0,-2.3404,4.4229,-0.8247,1.8511,0.4971
s1,axis,0,7,5,0,-3.2608,3.8077,0.1847,1.8511,0.4971
s1,axis,0,7,6,0,-3.9617,3.0323,1.3056,1.8511,0.4971
s1,axis,0,7,7,0,-4.0029,2.1911,1.393,1.8511,0.4971
s1,axis,0,7,8,0,-4.301,1.1059,1.355,1.8511,0.4971
s1,axis,0,7,9,0,-4.4322,-0.4167,1.0826,1.8511,0.4971
s1,axis,0,7,10,0,-4.1107,-1.7254,0.6322,1.8511,0.4971
s1,axis,0,7,11,0,-3.711,-2.5621,-0.1094,1.8511,0.4971
s1,axis,0,7,12,0,-3.105,-3.3202,-0.8961,1.8511,0.4971
s1,axis,0,7,13,0,-2.6072,-3.5715,-1.6182,1.8511,0.4971
s1,axis,0,7,14,0,-1.7489,-3.1414,-2.8,1.8511,0.4971
s1,axis,0,7,15,0,-0.9236,-2.4787,-3.8555,1.8511,0.4971
s1,axis,0,7,16,0,-0.1247,-1.7378,-4.2202,1.8511,0.4971
s1,axis,0,7,17,0,0.549,-1.0655,-4.153,1.8511,0.4971
s1,axis,0,7,18,0,1.597,-0.5443,-4.0371,1.8511,0.4971
s1,axis,0,8,1,0,0.8769,3.9978,-3.1294,1.8511,0.4971
s1,axis,0,8,2,0,-0.0277,3.8096,-2.6812,1.8511,0.4971
s1,axis,0,8,3,0,-1.0046,3.9925,-2.2788,1.8511,0.4971
s1,axis,0,8,4,0,-2.169,3.6683,-1.2456,1.8511,0.4971
s1,axis,0,8,5,0,-3.1659,3.0556,-0.1089,1.8511,0.4971
s1,axis,0,8,6,0,-4.0632,2.4777,0.8334,1.8511,0.4971
s1,axis,0,8,7,0,-4.2107,1.9147,1.0652,1.8511,0.4971
s1,axis,0,8,8,0,-4.2615,1.0392,1.0344,1.8511,0.4971
s1,axis,0,8,9,0,-4.408,-0.1151,0.6102,1.8511,0.4971
s1,axis,0,8,10,0,-4.205,-1.3628,0.3503,1.8511,0.4971
s1,axis,0,8,11,0,-4.0033,-1.944,-0.2013,1.8511,0.4971
s1,axis,0,8,12,0,-3.6004,-2.3465,-1.0955,1.8511,0.4971
s1,axis,0,8,13,0,-3.1946,-2.5777,-1.5974,1.8511,0.4971
s1,axis,0,8,14,0,-2.3075,-2.2031,-2.8212,1.8511,0.4971
s1,axis,0,8,15,0,-1.3088,-1.4224,-3.6117,1.8511,0.4971
s1,axis,0,8,16,0,-0.6675,-0.7632,-4.2713,1.8511,0.4971
s1,axis,0,8,17,0,0.1886,-0.3807,-3.6313,1.8511,0.4971
s1,axis,0,8,18,0,1.4428,0.3974,-4.2406,1.8511,0.4971
s1,axis,0,9,1,0,1.1611,3.5065,-3.5181,1.8511,0.4971
s1,axis,0,9,2,0,0.1527,3.1065,-3.1738,1.8511,0.4971
s1,axis,0,9,3,0,-1.0564,3.1607,-2.6206,1.8511,0.4971
s1,axis,0,9,4,0,-1.9416,2.7349,-1.8504,1.8511,0.4971
s1,axis,0,9,5,0,-3.1623,2.2695,-0.6172,1.8511,0.4971
s1,axis,0,9,6,0,-3.8347,1.7965,0.3593,1.8511,0.4971
s1,axis,0,9,7,0,-4.1301,1.2958,0.6086,1.8511,0.4971
s1,axis,0,9,8,0,-4.3252,0.6714,0.8417,1.8511,0.4971
s1,axis,0,9,9,0,-4.474,-0.1604,0.6758,1.8511,0.4971
s1,axis,0,9,10,0,-4.4165,-0.8713,0.4925,1.8511,0.4971
s1,axis,0,9,11,0,-4.0908,-1.0696,-0.0251,1.8511,0.4971
s1,axis,0,9,12,0,-4.0263,-1.5557,-0.7628,1.8511,0.4971
s1,axis,0,9,13,0,-3.7102,-1.5037,-1.238,1.8511,0.4971
s1,axis,0,9,14,0,-2.8822,-0.8998,-2.3614,1.8511,0.4971
s1,axis,0,9,15,0,-1.838,-0.2153,-2.9445,1.8511,0.4971
s1,axis,0,9,16,0,-1.0085,0.2817,-3.8236,1.8511,0.4971
s1,axis,0,9,17,0,-0.0053,0.7497,-3.6392,1.8511,0.4971
s1,axis,0,9,18,0,0.9905,1.0317,-3.6614,1.8511,0.4971
s1,axis,0,10,1,1,1.3909,2.8258,-3.8859,1.8511,0.4971
s1,axis,0,10,2,1,0.0585,2.0542,-3.4916,1.8511,0.4971
s1,axis,0,10,3,1,-1.0534,2.1537,-3.3747,1.8511,0.4971
s1,axis,0,10,4,1,-1.8995,1.5259,-2.6031,1.8511,0.4971
s1,axis,0,10,5,1,-3.0093,1.056,-1.5009,1.8511,0.4971
s1,axis,0,10,6,1,-3.8125,0.6932,-0.2749,1.8511,0.4971
s1,axis,0,10,7,1,-4.0914,0.3457,-0.0671,1.8511,0.4971
s1,axis,0,10,8,1,-4.424,-0.0659,0.3388,1.8511,0.4971
s1,axis,0,10,9,1,-4.6177,-0.2019,0.4096,1.8511,0.4971
s1,axis,0,10,10,1,-4.6274,-0.4307,0.5797,1.8511,0.4971
s1,axis,0,10,11,1,-4.3277,-0.4948,0.4135,1.8511,0.4971
s1,axis,0,10,12,1,-4.3305,-0.4832,-0.1042,1.8511,0.4971
s1,axis,0,10,13,1,-3.9299,-0.3569,-0.4909,1.8511,0.4971
s1,axis,0,10,14,1,-3.1511,0.1151,-1.6977,1.8511,0.4971
s1,axis,0,10,15,1,-2.2043,0.8094,-2.2779,1.8511,0.4971
s1,axis,0,10,16,1,-1.118,1.2324,-3.0566,1.8511,0.4971
s1,axis,0,10,17,1,-0.3591,1.6184,-3.3852,1.8511,0.4971
s1,axis,0,10,18,1,1.2301,2.1131,-3.5534,1.8511,0.4971
s1,axis,0,11,1,1,1.171,1.5219,-4.0706,1.8511,0.4971
s1,axis,0,11,2,1,0.3939,1.1487,-4.1704,1.8511,0.4971
s1,axis,0,11,3,1,-0.6653,0.9082,-3.9234,1.8511,0.4971
s1,axis,0,11,4,1,-1.8127,-0.0448,-3.0507,1.8511,0.4971
s1,axis,0,11,5,1,-2.8096,-0.5794,-1.7709,1.8511,0.4971
s1,axis,0,11,6,1,-3.7163,-0.994,-0.7623,1.8511,0.4971
s1,axis,0,11,7,1,-3.6442,-0.8982,-0.3532,1.8511,0.4971
s1,axis,0,11,8,1,-3.9211,-0.8094,0.0981,1.8511,0.4971
s1,axis,0,11,9,1,-4.4176,-0.6054,0.4952,1.8511,0.4971
s1,axis,0,11,10,1,-4.6314,-0.3757,0.6902,1.8511,0.4971
s1,axis,0,11,11,1,-4.5139,-0.0339,0.7645,1.8511,0.4971
s1,axis,0,11,12,1,-4.3904,0.1768,0.4137,1.8511,0.4971
s1,axis,0,11,13,1,-4.1106,0.4299,0.3586,1.8511,0.4971
s1,axis,0,11,14,1,-3.2368,0.9367,-0.9289,1.8511,0.4971
s1,axis,0,11,15,1,-2.164,1.8244,-1.6946,1.8511,0.4971
s1,axis,0,11,16,1,-0.9073,2.2491,-2.3862,1.8511,0.4971
s1,axis,0,11,17,1,0.0423,2.4963,-2.8178,1.8511,0.4971
s1,axis,0,11,18,1,1.252,2.8098,-3.1922,1.8511,0.4971
s1,axis,0,12,1,1,1.7169,0.7177,-4.2197,1.8511,0.4971
s1,axis,0,12,2,1,0.5181,0.0754,-4.212,1.8511,0.4971
s1,axis,0,12,3,1,-0.6586,-0.3629,-4.098,1.8511,0.4971
s1,axis,0,12,4,1,-1.5507,-1.1257,-3.4009,1.8511,0.4971
s1,axis,0,12,5,1,-2.5417,-1.5656,-2.395,1.8511,0.4971
s1,axis,0,12,6,1,-3.2515,-1.943,-1.3988,1.8511,0.4971
s1,axis,0,12,7,1,-3.9771,-1.7913,-0.5827,1.8511,0.4971
s1,axis,0,12,8,1,-4.0037,-1.477,0.2148,1.8511,0.4971
s1,axis,0,12,9,1,-4.3416,-0.8298,0.5319,1.8511,0.4971
s1,axis,0,12,10,1,-4.3293,-0.2636,0.8378,1.8511,0.4971
s1,axis,0,12,11,1,-4.3783,0.2451,1.0298,1.8511,0.4971
s1,axis,0,12,12,1,-4.1674,0.7172,0.96,1.8511,0.4971
s1,axis,0,12,13,1,-3.8793,1.1102,0.886,1.8511,0.4971
s1,axis,0,12,14,1,-3.0207,1.6698,-0.3711,1.8511,0.4971
s1,axis,0,12,15,1,-2.0435,2.3783,-1.0452,1.8511,0.4971
s1,axis,0,12,16,1,-0.6724,2.9067,-2.0226,1.8511,0.4971
s1,axis,0,12,17,1,0.1048,2.8971,-2.2019,1.8511,0.4971
s1,axis,0,12,18,1,1.4997,3.3205,-2.9043,1.8511,0.4971
s1,axis,0,13,1,1,1.6679,-0.1111,-3.8869,1.8511,0.4971
s1,axis,0,13,2,1,0.8468,-0.7782,-3.936,1.8511,0.4971
s1,axis,0,13,3,1,-0.2169,-1.1423,-3.9983,1.8511,0.4971
s1,axis,0,13,4,1,-1.0643,-1.9339,-3.2734,1.8511,0.4971
s1,axis,0,13,5,1,-1.9751,-2.396,-2.1465,1.8511,0.4971
s1,axis,0,13,6,1,-2.8513,-2.625,-1.1881,1.8511,0.4971
s1,axis,0,13,7,1,-3.3508,-2.397,-0.3273,1.8511,0.4971
s1,axis,0,13,8,1,-3.6029,-1.7461,0.412,1.8511,0.4971
s1,axis,0,13,9,1,-4.0691,-1.1476,0.94,1.8511,0.4971
s1,axis,0,13,10,1,-4.1248,-0.3725,1.3239,1.8511,0.4971
s1,axis,0,13,11,1,-4.092,0.3719,1.5919,1.8511,0.4971
s1,axis,0,13,12,1,-3.9255,0.8475,1.6306,1.8511,0.4971
s1,axis,0,13,13,1,-3.4915,1.2614,1.4854,1.8511,0.4971
s1,axis,0,13,14,1,-2.7349,1.9134,0.2082,1.8511,0.4971
s1,axis,0,13,15,1,-1.6634,2.5325,-0.4462,1.8511,0.4971
s1,axis,0,13,16,1,-0.6881,2.7938,-1.3297,1.8511,0.4971
s1,axis,0,13,17,1,0.2277,3.0165,-1.7576,1.8511,0.4971
s1,axis,0,13,18,1,1.7555,3.5401,-2.511,1.8511,0.4971
s1,axis,0,14,1,1,2.987,-0.5886,-3.2272,1.8511,0.4971
s1,axis,0,14,2,1,2.2123,-1.1517,-3.3692,1.8511,0.4971
s1,axis,0,14,3,1,0.8677,-1.8719,-3.1061,1.8511,0.4971
s1,axis,0,14,4,1,0.1438,-2.6913,-2.7217,1.8511,0.4971
s1,axis,0,14,5,1,-0.9284,-3.258,-1.5949,1.8511,0.4971
s1,axis,0,14,6,1,-1.838,-3.316,-0.5718,1.8511,0.4971
s1,axis,0,14,7,1,-2.129,-2.9951,0.2752,1.8511,0.4971
s1,axis,0,14,8,1,-2.6365,-2.3602,1.3146,1.8511,0.4971
s1,axis,0,14,9,1,-2.8455,-1.6942,1.6901,1.8511,0.4971
s1,axis,0,14,10,1,-3.0745,-0.7129,2.0592,1.8511,0.4971
s1,axis,0,14,11,1,-2.9473,0.0455,2.3397,1.8511,0.4971
s1,axis,0,14,12,1,-2.7837,0.5444,2.4481,1.8511,0.4971
s1,axis,0,14,13,1,-2.4934,1.0855,2.3098,1.8511,0.4971
s1,axis,0,14,14,1,-1.7108,1.7883,1.0864,1.8511,0.4971
s1,axis,0,14,15,1,-0.6323,2.3642,0.3915,1.8511,0.4971
s1,axis,0,14,16,1,0.5221,2.7996,-0.6153,1.8511,0.4971
s1,axis,0,14,17,1,1.0309,2.77,-1.0196,1.8511,0.4971
s1,axis,0,14,18,1,2.1165,2.887,-1.2893,1.8511,0.4971
s1,axis,0,15,1,1,4.3124,-0.6903,-2.2997,1.8511,0.4971
s1,axis,0,15,2,1,3.0407,-1.6002,-2.1404,1.8511,0.4971
s1,axis,0,15,3,1,2.353,-2.1156,-2.03,1.8511,0.4971
s1,axis,0,15,4,1,1.643,-3.1128,-1.4302,1.8511,0.4971
s1,axis,0,15,5,1,0.6328,-3.569,-0.469,1.8511,0.4971
s1,axis,0,15,6,1,0.1024,-3.5863,0.7813,1.8511,0.4971
s1,axis,0,15,7,1,-0.5113,-3.3165,1.4353,1.8511,0.4971
s1,axis,0,15,8,1,-0.9744,-2.7235,2.5986,1.8511,0.4971
s1,axis,0,15,9,1,-1.2558,-1.8294,2.9628,1.8511,0.4971
s1,axis,0,15,10,1,-1.3796,-0.9064,3.2151,1.8511,0.4971
s1,axis,0,15,11,1,-0.9316,-0.2856,3.0979,1.8511,0.4971
s1,axis,0,15,12,1,-1.1772,0.1181,3.6892,1.8511,0.4971
s1,axis,0,15,13,1,-0.789,0.5823,3.3254,1.8511,0.4971
s1,axis,0,15,14,1,-0.0726,1.304,1.9953,1.8511,0.4971
s1,axis,0,15,15,1,0.8744,1.8521,1.3266,1.8511,0.4971
s1,axis,0,15,16,1,1.5819,2.1151,0.2407,1.8511,0.4971
s1,axis,0,15,17,1,2.5167,2.477,-0.1105,1.8511,0.4971
s1,axis,0,15,18,1,3.4629,2.7111,-0.5952,1.8511,0.4971
s1,axis,0,16,1,1,5.0926,-0.5842,-1.6463,1.8511,0.4971
s1,axis,0,16,2,1,4.0522,-1.4308,-1.4869,1.8511,0.4971
s1,axis,0,16,3,1,3.1856,-1.9959,-1.3578,1.8511,0.4971
s1,axis,0,16,4,1,2.8576,-2.5257,-0.6842,1.8511,0.4971
s1,axis,0,16,5,1,1.78,-3.3134,0.4267,1.8511,0.4971
s1,axis,0,16,6,1,1.2786,-3.5297,1.6472,1.8511,0.4971
s1,axis,0,16,7,1,0.9236,-3.2123,2.3107,1.8511,0.4971
s1,axis,0,16,8,1,0.5408,-2.7134,3.2177,1.8511,0.4971
s1,axis,0,16,9,1,0.4429,-1.7348,3.5093,1.8511,0.4971
s1,axis,0,16,10,1,0.3124,-0.9714,4.1148,1.8511,0.4971
s1,axis,0,16,11,1,0.2086,-0.4569,4.1708,1.8511,0.4971
s1,axis,0,16,12,1,0.1645,-0.0427,4.1958,1.8511,0.4971
s1,axis,0,16,13,1,0.624,0.3192,4.0486,1.8511,0.4971
s1,axis,0,16,14,1,1.4357,1.0674,2.8145,1.8511,0.4971
s1,axis,0,16,15,1,2.0654,1.5648,2.0087,1.8511,0.4971
s1,axis,0,16,16,1,2.8726,1.966,1.1874,1.8511,0.4971
s1,axis,0,16,17,1,3.8328,2.1852,0.5606,1.8511,0.4971
s1,axis,0,16,18,1,4.7998,2.404,0.0085,1.8511,0.4971
s1,axis,0,17,1,1,4.9758,-0.5127,-1.3038,1.8511,0.4971
s1,axis,0,17,2,1,4.2527,-1.23,-1.1799,1.8511,0.4971
s1,axis,0,17,3,1,4.0103,-1.479,-0.9089,1.8511,0.4971
s1,axis,0,17,4,1,3.5174,-2.1888,-0.2173,1.8511,0.4971
s1,axis,0,17,5,1,2.7924,-2.6682,0.7905,1.8511,0.4971
s1,axis,0,17,6,1,2.1675,-2.9846,1.8634,1.8511,0.4971
s1,axis,0,17,7,1,1.825,-2.6685,2.4203,1.8511,0.4971
s1,axis,0,17,8,1,1.1374,-2.1832,2.9415,1.8511,0.4971
s1,axis,0,17,9,1,1.531,-1.4787,3.5361,1.8511,0.4971
s1,axis,0,17,10,1,1.4069,-0.8668,4.0215,1.8511,0.4971
s1,axis,0,17,11,1,1.4239,-0.3887,4.0117,1.8511,0.4971
s1,axis,0,17,12,1,1.5006,0.0297,4.084,1.8511,0.4971
s1,axis,0,17,13,1,1.7364,0.3397,3.9554,1.8511,0.4971
s1,axis,0,17,14,1,2.5613,0.89,3.0751,1.8511,0.4971
s1,axis,0,17,15,1,2.789,1.3348,2.0939,1.8511,0.4971
s1,axis,0,17,16,1,3.5401,1.7713,1.3462,1.8511,0.4971
s1,axis,0,17,17,1,4.1051,1.8414,0.7798,1.8511,0.4971
s1,axis,0,17,18,1,5.1829,2.1619,0.2042,1.8511,0.4971
s1,axis,0,18,1,1,5.6096,-0.1423,-1.2893,1.8511,0.4971
s1,axis,0,18,2,1,4.7326,-0.7285,-1.0927,1.8511,0.4971
s1,axis,0,18,3,1,4.9328,-0.8551,-0.6817,1.8511,0.4971
s1,axis,0,18,4,1,4.6796,-1.4881,-0.1128,1.8511,0.4971
s1,axis,0,18,5,1,3.6323,-2.0913,0.8112,1.8511,0.4971
s1,axis,0,18,6,1,3.1866,-2.1885,2.0921,1.8511,0.4971
s1,axis,0,18,7,1,2.5734,-2.1771,2.5599,1.8511,0.4971
s1,axis,0,18,8,1,2.2998,-1.7259,3.117,1.8511,0.4971
s1,axis,0,18,9,1,2.6151,-1.1338,3.6038,1.8511,0.4971
s1,axis,0,18,10,1,2.591,-0.615,3.8124,1.8511,0.4971
s1,axis,0,18,11,1,2.4873,-0.2847,3.7465,1.8511,0.4971
s1,axis,0,18,12,1,2.3604,-0.106,4.0732,1.8511,0.4971
s1,axis,0,18,13,1,2.8624,0.3579,3.8173,1.8511,0.4971
s1,axis,0,18,14,1,3.5945,0.9641,2.8478,1.8511,0.4971
s1,axis,0,18,15,1,4.0587,1.424,1.874,1.8511,0.4971
s1,axis,0,18,16,1,4.8864,1.9469,1.0681,1.8511,0.4971
s1,axis,0,18,17,1,4.929,1.9411,0.6454,1.8511,0.4971
s1,axis,0,18,18,1,5.4663,2.1548,0.14,1.8511,0.4971
s2,parity,0,1,1,0,-5.0405,-2.4045,1.8701,2.0965,0.5607
s2,parity,0,1,2,0,-4.6618,-2.7231,1.9528,2.0965,0.5607
s2,parity,0,1,3,0,-4.3058,-3.0915,2.0745,2.0965,0.5607
s2,parity,0,1,4,0,-3.9296,-3.1651,2.0426,2.0965,0.5607
s2,parity,0,1,5,0,-3.148,-3.1241,2.071,2.0965,0.5607
s2,parity,0,1,6,0,-2.0807,-2.6242,2.1501,2.0965,0.5607
s2,parity,0,1,7,0,-2.6457,-2.0228,2.1834,2.0965,0.5607
s2,parity,0,1,8,0,-2.2532,-1.3358,2.3807,2.0965,0.5607
s2,parity,0,1,9,0,-2.1539,-0.6591,2.4864,2.0965,0.5607
s2,parity,0,1,10,0,-2.4691,-0.0272,2.5627,2.0965,0.5607
s2,parity,0,1,11,0,-2.7827,0.6347,2.538,2.0965,0.5607
s2,parity,0,1,12,0,-2.7731,1.2023,2.5449,2.0965,0.5607
s2,parity,0,1,13,0,-2.961,1.6086,2.3302,2.0965,0.5607
s2,parity,0,1,14,0,-3.5007,2.0745,1.9029,2.0965,0.5607
s2,parity,0,1,15,0,-4.2801,2.0744,1.2383,2.0965,0.5607
s2,parity,0,1,16,0,-4.5462,1.9789,0.8693,2.0965,0.5607
s2,parity,0,1,17,0,-5.2065,1.7362,0.44,2.0965,0.5607
s2,parity,0,1,18,0,-5.4656,1.4077,0.0402,2.0965,0.5607
s2,parity,0,2,1,0,-4.8283,-2.7887,1.8357,2.0965,0.5607
s2,parity,0,2,2,0,-4.1064,-3.1178,1.9495,2.0965,0.5607
s2,parity,0,2,3,0,-3.5411,-3.5932,2.1223,2.0965,0.5607
s2,parity,0,2,4,0,-2.7463,-3.6468,2.0556,2.0965,0.5607
s2,parity,0,2,5,0,-2.143,-3.4414,2.0887,2.0965,0.5607
s2,parity,0,2,6,0,-1.4467,-2.7731,2.1648,2.0965,0.5607
s2,parity,0,2,7,0,-1.5459,-2.0861,2.323,2.0965,0.5607
s2,parity,0,2,8,0,-1.6048,-1.3077,2.5105,2.0965,0.5607
s2,parity,0,2,9,0,-1.5353,-0.509,2.7099,2.0965,0.5607
s2,parity,0,2,10,0,-1.6499,0.1866,2.8408,2.0965,0.5607
s2,parity,0,2,11,0,-1.6465,1.0015,2.8266,2.0965,0.5607
s2,parity,0,2,12,0,-1.986,1.6892,2.7422,2.0965,0.5607
s2,parity,0,2,13,0,-2.2008,2.0843,2.4169,2.0965,0.5607
s2,parity,0,2,14,0,-2.6319,2.5172,1.9816,2.0965,0.5607
s2,parity,0,2,15,0,-3.2265,2.5223,1.2495,2.0965,0.5607
s2,parity,0,2,16,0,-3.7947,2.4982,0.8389,2.0965,0.5607
s2,parity,0,2,17,0,-4.2789,2.155,0.3681,2.0965,0.5607
s2,parity,0,2,18,0,-4.8472,1.5216,-0.2177,2.0965,0.5607
s2,parity,0,3,1,0,-4.3814,-3.1093,1.8384,2.0965,0.5607
s2,parity,0,3,2,0,-3.171,-3.4052,1.8524,2.0965,0.5607
s2,parity,0,3,3,0,-2.2792,-4.112,2.0735,2.0965,0.5607
s2,parity,0,3,4,0,-1.7081,-4.2078,2.0904,2.0965,0.5607
s2,parity,0,3,5,0,-1.1263,-3.9692,2.0546,2.0965,0.5607
s2,parity,0,3,6,0,-0.255,-3.1677,2.2299,2.0965,0.5607
s2,parity,0,3,7,0,-0.5177,-2.3518,2.3786,2.0965,0.5607
s2,parity,0,3,8,0,-0.4954,-1.4557,2.7028,2.0965,0.5607
s2,parity,0,3,9,0,-0.2149,-0.6411,2.8402,2.0965,0.5607
s2,parity,0,3,10,0,-0.3719,0.1892,2.995,2.0965,0.5607
s2,parity,0,3,11,0,-0.4702,1.2237,2.9104,2.0965,0.5607
s2,parity,0,3,12,0,-0.7603,2.0725,2.8037,2.0965,0.5607
s2,parity,0,3,13,0,-1.3581,2.5137,2.471,2.0965,0.5607
s2,parity,0,3,14,0,-1.6356,3.1162,1.9928,2.0965,0.5607
s2,parity,0,3,15,0,-2.4045,3.3138,1.2569,2.0965,0.5607
s2,parity,0,3,16,0,-3.0632,3.0247,0.5561,2.0965,0.5607
s2,parity,0,3,17,0,-3.7952,2.627,0.0551,2.0965,0.5607
s2,parity,0,3,18,0,-4.5178,2.1589,-0.3828,2.0965,0.5607
s2,parity,0,4,1,0,-4.1012,-3.2969,1.7724,2.0965,0.5607
s2,parity,0,4,2,0,-2.8912,-3.9256,1.9744,2.0965,0.5607
s2,parity,0,4,3,0,-1.883,-4.4073,1.9171,2.0965,0.5607
s2,parity,0,4,4,0,-0.6913,-4.5593,1.9311,2.0965,0.5607
s2,parity,0,4,5,0,0.2334,-4.206,1.9584,2.0965,0.5607
s2,parity,0,4,6,0,0.697,-3.5339,1.9586,2.0965,0.5607
s2,parity,0,4,7,0,0.9124,-2.5537,2.1743,2.0965,0.5607
s2,parity,0,4,8,0,1.0361,-1.7233,2.6405,2.0965,0.5607
s2,parity,0,4,9,0,1.1327,-0.6995,2.8638,2.0965,0.5607
s2,parity,0,4,10,0,0.9506,0.331,2.9891,2.0965,0.5607
s2,parity,0,4,11,0,0.8646,1.3523,2.9341,2.0965,0.5607
s2,parity,0,4,12,0,0.4932,2.2759,2.5158,2.0965,0.5607
s2,parity,0,4,13,0,0.2225,2.7849,2.1194,2.0965,0.5607
s2,parity,0,4,14,0,-0.4686,3.8198,1.4856,2.0965,0.5607
s2,parity,0,4,15,0,-1.287,3.951,0.638,2.0965,0.5607
s2,parity,0,4,16,0,-2.2638,3.6426,0.051,2.0965,0.5607
s2,parity,0,4,17,0,-3.1411,3.1574,-0.4943,2.0965,0.5607
s2,parity,0,4,18,0,-3.867,2.5163,-0.7604,2.0965,0.5607
s2,parity,0,5,1,0,-3.4595,-3.2905,1.763,2.0965,0.5607
s2,parity,0,5,2,0,-2.365,-3.761,1.8602,2.0965,0.5607
s2,parity,0,5,3,0,-0.9888,-4.3918,1.8745,2.0965,0.5607
s2,parity,0,5,4,0,0.2357,-4.4529,1.6381,2.0965,0.5607
s2,parity,0,5,5,0,1.4081,-4.0735,1.7099,2.0965,0.5607
s2,parity,0,5,6,0,2.1522,-3.3862,1.7252,2.0965,0.5607
s2,parity,0,5,7,0,2.586,-2.7428,1.998,2.0965,0.5607
s2,parity,0,5,8,0,2.6819,-1.5985,2.3171,2.0965,0.5607
s2,parity,0,5,9,0,2.7011,-0.695,2.5595,2.0965,0.5607
s2,parity,0,5,10,0,2.5724,0.362,2.5298,2.0965,0.5607
s2,parity,0,5,11,0,2.3425,1.5164,2.4119,2.0965,0.5607
s2,parity,0,5,12,0,2.2207,2.5081,2.0947,2.0965,0.5607
s2,parity,0,5,13,0,1.9652,3.1998,1.6547,2.0965,0.5607
s2,parity,0,5,14,0,1.0246,3.9231,0.7119,2.0965,0.5607
s2,parity,0,5,15,0,-0.153,3.9439,-0.2543,2.0965,0.5607
s2,parity,0,5,16,0,-1.1612,3.7943,-0.6069,2.0965,0.5607
s2,parity,0,5,17,0,-2.1408,3.406,-1.1127,2.0965,0.5607
s2,parity,0,5,18,0,-3.1689,2.7444,-1.3394,2.0965,0.5607
s2,parity,0,6,1,0,-2.7284,-2.9295,1.7456,2.0965,0.5607
s2,parity,0,6,2,0,-1.8309,-3.2266,1.8642,2.0965,0.5607
s2,parity,0,6,3,0,-0.3426,-3.7808,1.9324,2.0965,0.5607
s2,parity,0,6,4,0,1.2246,-3.9633,1.6583,2.0965,0.5607
s2,parity,0,6,5,0,2.3207,-3.775,1.7529,2.0965,0.5607
s2,parity,0,6,6,0,3.0715,-3.1166,1.4666,2.0965,0.5607
s2,parity,0,6,7,0,3.7167,-2.5029,1.7523,2.0965,0.5607
s2,parity,0,6,8,0,3.878,-1.5062,1.8123,2.0965,0.5607
s2,parity,0,6,9,0,3.8923,-0.524,2.0291,2.0965,0.5607
s2,parity,0,6,10,0,3.8717,0.3928,1.9486,2.0965,0.5607
s2,parity,0,6,11,0,3.7961,1.5673,1.6543,2.0965,0.5607
s2,parity,0,6,12,0,3.581,2.4953,1.0953,2.0965,0.5607
s2,parity,0,6,13,0,3.1253,3.2087,0.248,2.0965,0.5607
s2,parity,0,6,14,0,2.2502,3.7115,-0.5654,2.0965,0.5607
s2,parity,0,6,15,0,0.8335,3.7099,-1.3373,2.0965,0.5607
s2,parity,0,6,16,0,-0.6361,3.6019,-1.5289,2.0965,0.5607
s2,parity,0,6,17,0,-1.7566,3.2269,-1.9197,2.0965,0.5607
s2,parity,0,6,18,0,-2.6696,2.6102,-1.9031,2.0965,0.5607
s2,parity,0,7,1,0,-2.7585,-2.3535,1.8468,2.0965,0.5607
s2,parity,0,7,2,0,-1.4983,-2.6309,2.1036,2.0965,0.5607
s2,parity,0,7,3,0,-0.311,-3.0987,2.2173,2.0965,0.5607
s2,parity,0,7,4,0,1.0626,-3.1931,2.1745,2.0965,0.5607
s2,parity,0,7,5,0,2.4951,-2.933,1.9493,2.0965,0.5607
s2,parity,0,7,6,0,3.4756,-2.7682,1.6867,2.0965,0.5607
s2,parity,0,7,7,0,3.7809,-2.0308,1.6108,2.0965,0.5607
s2,parity,0,7,8,0,4.0531,-1.3267,1.6661,2.0965,0.5607
s2,parity,0,7,9,0,4.395,-0.402,1.6864,2.0965,0.5607
s2,parity,0,7,10,0,4.367,0.3716,1.4655,2.0965,0.5607
s2,parity,0,7,11,0,4.4335,1.3172,0.9607,2.0965,0.5607
s2,parity,0,7,12,0,4.1021,1.9621,0.4705,2.0965,0.5607
s2,parity,0,7,13,0,3.6316,2.5163,-0.1157,2.0965,0.5607
s2,parity,0,7,14,0,2.4759,2.8927,-0.9635,2.0965,0.5607
s2,parity,0,7,15,0,1.216,3.0343,-1.788,2.0965,0.5607
s2,parity,0,7,16,0,0.0028,2.9858,-2.0347,2.0965,0.5607
s2,parity,0,7,17,0,-0.905,2.6472,-2.1836,2.0965,0.5607
s2,parity,0,7,18,0,-2.0213,2.238,-2.1124,2.0965,0.5607
s2,parity,0,8,1,0,-2.6661,-1.7804,2.0066,2.0965,0.5607
s2,parity,0,8,2,0,-1.6132,-1.8305,2.3823,2.0965,0.5607
s2,parity,0,8,3,0,-0.4585,-2.0756,2.4852,2.0965,0.5607
s2,parity,0,8,4,0,1.1982,-2.2366,2.457,2.0965,0.5607
s2,parity,0,8,5,0,2.6435,-2.0376,2.235,2.0965,0.5607
s2,parity,0,8,6,0,4.026,-1.8504,1.8819,2.0965,0.5607
s2,parity,0,8,7,0,4.2608,-1.4883,1.574,2.0965,0.5607
s2,parity,0,8,8,0,4.3091,-0.9574,1.407,2.0965,0.5607
s2,parity,0,8,9,0,4.6218,-0.3355,1.1595,2.0965,0.5607
s2,parity,0,8,10,0,4.5861,0.2971,0.808,2.0965,0.5607
s2,parity,0,8,11,0,4.6657,0.8816,0.2114,2.0965,0.5607
s2,parity,0,8,12,0,4.6531,1.3334,-0.2847,2.0965,0.5607
s2,parity,0,8,13,0,4.2029,1.7382,-0.7777,2.0965,0.5607
s2,parity,0,8,14,0,2.9344,2.0821,-1.4405,2.0965,0.5607
s2,parity,0,8,15,0,1.5844,2.0457,-2.0349,2.0965,0.5607
s2,parity,0,8,16,0,0.193,2.0632,-2.3558,2.0965,0.5607
s2,parity,0,8,17,0,-0.834,1.8154,-2.3584,2.0965,0.5607
s2,parity,0,8,18,0,-1.9308,1.7042,-2.3727,2.0965,0.5607
s2,parity,0,9,1,0,-2.3136,-1.1135,2.2832,2.0965,0.5607
s2,parity,0,9,2,0,-1.4398,-0.9606,2.5567,2.0965,0.5607
s2,parity,0,9,3,0,-0.2812,-1.116,2.7403,2.0965,0.5607
s2,parity,0,9,4,0,1.0525,-1.0986,2.5712,2.0965,0.5607
s2,parity,0,9,5,0,2.6114,-1.0479,2.3895,2.0965,0.5607
s2,parity,0,9,6,0,3.8476,-1.0554,1.8669,2.0965,0.5607
s2,parity,0,9,7,0,4.3513,-0.7155,1.5188,2.0965,0.5607
s2,parity,0,9,8,0,4.4066,-0.5034,1.239,2.0965,0.5607
s2,parity,0,9,9,0,4.4715,-0.2698,0.7547,2.0965,0.5607
s2,parity,0,9,10,0,4.7172,-0.0179,0.3372,2.0965,0.5607
s2,parity,0,9,11,0,4.6504,0.1702,-0.1328,2.0965,0.5607
s2,parity,0,9,12,0,4.5243,0.4874,-0.7391,2.0965,0.5607
s2,parity,0,9,13,0,4.2838,0.6513,-1.2201,2.0965,0.5607
s2,parity,0,9,14,0,3.2731,1.0238,-1.8859,2.0965,0.5607
s2,parity,0,9,15,0,1.8618,0.9173,-2.3279,2.0965,0.5607
s2,parity,0,9,16,0,0.5015,1.0313,-2.6317,2.0965,0.5607
s2,parity,0,9,17,0,-0.5875,0.9531,-2.6218,2.0965,0.5607
s2,parity,0,9,18,0,-1.8968,0.7793,-2.5077,2.0965,0.5607
s2,parity,0,10,1,1,-2.6868,-0.2126,2.3304,2.0965,0.5607
s2,parity,0,10,2,1,-1.4674,0.0355,2.594,2.0965,0.5607
s2,parity,0,10,3,1,-0.4129,-0.1112,2.8783,2.0965,0.5607
s2,parity,0,10,4,1,1.0292,-0.044,2.8277,2.0965,0.5607
s2,parity,0,10,5,1,2.8127,0.1412,2.4706,2.0965,0.5607
s2,parity,0,10,6,1,3.9106,0.051,1.7956,2.0965,0.5607
s2,parity,0,10,7,1,4.5138,0.1286,1.3945,2.0965,0.5607
s2,parity,0,10,8,1,4.7551,0.1935,0.8191,2.0965,0.5607
s2,parity,0,10,9,1,4.9313,-0.0468,0.2865,2.0965,0.5607
s2,parity,0,10,10,1,4.9267,-0.1602,-0.1996,2.0965,0.5607
s2,parity,0,10,11,1,4.6827,-0.3577,-0.6067,2.0965,0.5607
s2,parity,0,10,12,1,4.6768,-0.4868,-0.9836,2.0965,0.5607
s2,parity,0,10,13,1,4.2691,-0.4751,-1.3458,2.0965,0.5607
s2,parity,0,10,14,1,3.3125,-0.1561,-1.9829,2.0965,0.5607
s2,parity,0,10,15,1,1.8965,-0.1604,-2.5116,2.0965,0.5607
s2,parity,0,10,16,1,0.0985,-0.0456,-2.6728,2.0965,0.5607
s2,parity,0,10,17,1,-0.823,0.0991,-2.7704,2.0965,0.5607
s2,parity,0,10,18,1,-1.9387,-0.0222,-2.6731,2.0965,0.5607
s2,parity,0,11,1,1,-2.844,0.6261,2.3517,2.0965,0.5607
s2,parity,0,11,2,1,-1.8296,0.8587,2.6708,2.0965,0.5607
s2,parity,0,11,3,1,-0.2993,0.9132,2.7824,2.0965,0.5607
s2,parity,0,11,4,1,1.2975,1.1273,2.9199,2.0965,0.5607
s2,parity,0,11,5,1,2.671,1.3841,2.2854,2.0965,0.5607
s2,parity,0,11,6,1,4.0625,1.3653,1.4767,2.0965,0.5607
s2,parity,0,11,7,1,4.5408,1.3062,0.6951,2.0965,0.5607
s2,parity,0,11,8,1,4.7088,0.9706,0.144,2.0965,0.5607
s2,parity,0,11,9,1,4.8784,0.3783,-0.1328,2.0965,0.5607
s2,parity,0,11,10,1,5.0219,-0.1759,-0.6314,2.0965,0.5607
s2,parity,0,11,11,1,4.662,-0.82,-0.9473,2.0965,0.5607
s2,parity,0,11,12,1,4.7069,-1.1607,-1.4129,2.0965,0.5607
s2,parity,0,11,13,1,4.3121,-1.6145,-1.7931,2.0965,0.5607
s2,parity,0,11,14,1,3.2998,-1.3149,-2.1899,2.0965,0.5607
s2,parity,0,11,15,1,1.7215,-1.2438,-2.7302,2.0965,0.5607
s2,parity,0,11,16,1,0.454,-0.8671,-2.705,2.0965,0.5607
s2,parity,0,11,17,1,-0.6885,-0.8932,-2.7724,2.0965,0.5607
s2,parity,0,11,18,1,-1.4272,-0.739,-2.7792,2.0965,0.5607
s2,parity,0,12,1,1,-2.9776,1.3246,2.3306,2.0965,0.5607
s2,parity,0,12,2,1,-1.8304,1.6994,2.5738,2.0965,0.5607
s2,parity,0,12,3,1,-0.3525,1.9347,2.8229,2.0965,0.5607
s2,parity,0,12,4,1,0.9665,2.2085,2.9267,2.0965,0.5607
s2,parity,0,12,5,1,2.2248,2.2859,2.2026,2.0965,0.5607
s2,parity,0,12,6,1,3.6169,2.449,1.0659,2.0965,0.5607
s2,parity,0,12,7,1,4.3448,2.0441,0.2859,2.0965,0.5607
s2,parity,0,12,8,1,4.6167,1.6281,-0.2857,2.0965,0.5607
s2,parity,0,12,9,1,4.8098,0.7636,-0.6368,2.0965,0.5607
s2,parity,0,12,10,1,4.5927,0.0078,-1.0538,2.0965,0.5607
s2,parity,0,12,11,1,4.6386,-0.8563,-1.4212,2.0965,0.5607
s2,parity,0,12,12,1,4.4426,-1.6783,-1.764,2.0965,0.5607
s2,parity,0,12,13,1,4.0953,-2.2116,-1.8613,2.0965,0.5607
s2,parity,0,12,14,1,2.9541,-2.3377,-2.2007,2.0965,0.5607
s2,parity,0,12,15,1,1.5796,-2.2988,-2.8263,2.0965,0.5607
s2,parity,0,12,16,1,-0.0729,-2.0771,-2.9467,2.0965,0.5607
s2,parity,0,12,17,1,-0.9494,-1.6907,-2.9128,2.0965,0.5607
s2,parity,0,12,18,1,-2.2225,-1.5956,-2.9507,2.0965,0.5607
s2,parity,0,13,1,1,-2.9489,1.7101,2.0819,2.0965,0.5607
s2,parity,0,13,2,1,-2.0302,2.2036,2.3196,2.0965,0.5607
s2,parity,0,13,3,1,-0.7476,2.5683,2.5324,2.0965,0.5607
s2,parity,0,13,4,1,0.3765,2.8457,2.3733,2.0965,0.5607
s2,parity,0,13,5,1,1.7813,3.1644,1.6289,2.0965,0.5607
s2,parity,0,13,6,1,3.341,3.1652,0.3914,2.0965,0.5607
s2,parity,0,13,7,1,3.9379,2.7027,-0.3142,2.0965,0.5607
s2,parity,0,13,8,1,4.036,2.0763,-0.8876,2.0965,0.5607
s2,parity,0,13,9,1,4.4064,1.0112,-1.1865,2.0965,0.5607
s2,parity,0,13,10,1,4.3903,0.2201,-1.4859,2.0965,0.5607
s2,parity,0,13,11,1,4.2919,-0.9416,-1.7636,2.0965,0.5607
s2,parity,0,13,12,1,4.0944,-1.8768,-2.0176,2.0965,0.5607
s2,parity,0,13,13,1,3.7764,-2.6762,-2.202,2.0965,0.5607
s2,parity,0,13,14,1,2.5491,-2.8579,-2.195,2.0965,0.5607
s2,parity,0,13,15,1,1.4296,-3.0168,-2.9096,2.0965,0.5607
s2,parity,0,13,16,1,-0.0756,-2.8165,-2.7903,2.0965,0.5607
s2,parity,0,13,17,1,-1.2976,-2.3243,-3.0194,2.0965,0.5607
s2,parity,0,13,18,1,-2.564,-2.2813,-3.0803,2.0965,0.5607
s2,parity,0,14,1,1,-3.8985,2.1637,1.5939,2.0965,0.5607
s2,parity,0,14,2,1,-2.9857,2.5975,1.7124,2.0965,0.5607
s2,parity,0,14,3,1,-1.8,3.1323,1.8801,2.0965,0.5607
s2,parity,0,14,4,1,-0.3678,3.7399,1.5672,2.0965,0.5607
s2,parity,0,14,5,1,1.0827,3.9713,0.5025,2.0965,0.5607
s2,parity,0,14,6,1,2.3156,3.6893,-0.6013,2.0965,0.5607
s2,parity,0,14,7,1,2.812,3.0743,-1.1776,2.0965,0.5607
s2,parity,0,14,8,1,3.1097,2.3754,-1.623,2.0965,0.5607
s2,parity,0,14,9,1,3.081,1.243,-1.8838,2.0965,0.5607
s2,parity,0,14,10,1,3.3551,0.2265,-2.0895,2.0965,0.5607
s2,parity,0,14,11,1,3.148,-0.7966,-2.1846,2.0965,0.5607
s2,parity,0,14,12,1,2.8214,-1.8701,-2.3479,2.0965,0.5607
s2,parity,0,14,13,1,2.64,-2.8209,-2.354,2.0965,0.5607
s2,parity,0,14,14,1,1.7803,-3.3533,-2.6096,2.0965,0.5607
s2,parity,0,14,15,1,0.5038,-3.5294,-3.1087,2.0965,0.5607
s2,parity,0,14,16,1,-0.5947,-3.4274,-3.0903,2.0965,0.5607
s2,parity,0,14,17,1,-1.6406,-2.8181,-3.0526,2.0965,0.5607
s2,parity,0,14,18,1,-2.6429,-2.512,-3.1168,2.0965,0.5607
s2,parity,0,15,1,1,-4.143,2.0755,1.1727,2.0965,0.5607
s2,parity,0,15,2,1,-3.0908,2.592,1.3101,2.0965,0.5607
s2,parity,0,15,3,1,-2.398,3.2163,1.1481,2.0965,0.5607
s2,parity,0,15,4,1,-1.0772,3.9101,0.6332,2.0965,0.5607
s2,parity,0,15,5,1,-0.0407,3.9621,-0.3138,2.0965,0.5607
s2,parity,0,15,6,1,0.8528,3.7595,-1.3778,2.0965,0.5607
s2,parity,0,15,7,1,1.3743,3.1009,-1.838,2.0965,0.5607
s2,parity,0,15,8,1,1.8147,2.3511,-2.2491,2.0965,0.5607
s2,parity,0,15,9,1,1.8107,1.2639,-2.4814,2.0965,0.5607
s2,parity,0,15,10,1,1.9431,0.3204,-2.6003,2.0965,0.5607
s2,parity,0,15,11,1,1.6215,-0.6032,-2.5382,2.0965,0.5607
s2,parity,0,15,12,1,1.6904,-1.6907,-2.8089,2.0965,0.5607
s2,parity,0,15,13,1,1.1838,-2.6902,-2.932,2.0965,0.5607
s2,parity,0,15,14,1,0.2689,-3.2571,-2.7847,2.0965,0.5607
s2,parity,0,15,15,1,-0.8309,-3.5866,-3.3035,2.0965,0.5607
s2,parity,0,15,16,1,-1.5239,-3.3292,-3.2654,2.0965,0.5607
s2,parity,0,15,17,1,-2.5497,-2.8083,-3.181,2.0965,0.5607
s2,parity,0,15,18,1,-3.5328,-2.6054,-3.3306,2.0965,0.5607
s2,parity,0,16,1,1,-4.6025,1.8863,0.6575,2.0965,0.5607
s2,parity,0,16,2,1,-3.7492,2.548,0.6736,2.0965,0.5607
s2,parity,0,16,3,1,-3.1164,3.0985,0.4415,2.0965,0.5607
s2,parity,0,16,4,1,-2.2815,3.4532,-0.1753,2.0965,0.5607
s2,parity,0,16,5,1,-1.0471,3.5151,-0.9323,2.0965,0.5607
s2,parity,0,16,6,1,-0.3818,3.3899,-1.8266,2.0965,0.5607
s2,parity,0,16,7,1,-0.1317,2.9368,-2.2091,2.0965,0.5607
s2,parity,0,16,8,1,0.2984,2.3461,-2.474,2.0965,0.5607
s2,parity,0,16,9,1,0.1699,1.1733,-2.7545,2.0965,0.5607
s2,parity,0,16,10,1,0.1939,0.4727,-2.8605,2.0965,0.5607
s2,parity,0,16,11,1,0.1337,-0.3341,-2.7584,2.0965,0.5607
s2,parity,0,16,12,1,0.2406,-1.3381,-2.8658,2.0965,0.5607
s2,parity,0,16,13,1,-0.0012,-2.2732,-3.1407,2.0965,0.5607
s2,parity,0,16,14,1,-0.8062,-2.9961,-3.1889,2.0965,0.5607
s2,parity,0,16,15,1,-1.4917,-3.1541,-3.3901,2.0965,0.5607
s2,parity,0,16,16,1,-2.196,-2.9772,-3.3108,2.0965,0.5607
s2,parity,0,16,17,1,-3.3392,-2.5714,-3.3207,2.0965,0.5607
s2,parity,0,16,18,1,-4.1638,-2.2925,-3.3539,2.0965,0.5607
s2,parity,0,17,1,1,-4.8804,1.5946,0.2924,2.0965,0.5607
s2,parity,0,17,2,1,-4.1117,2.2731,0.2396,2.0965,0.5607
s2,parity,0,17,3,1,-3.8827,2.7096,-0.1697,2.0965,0.5607
s2,parity,0,17,4,1,-2.8612,3.0816,-0.5943,2.0965,0.5607
s2,parity,0,17,5,1,-2.2287,3.1425,-1.2295,2.0965,0.5607
s2,parity,0,17,6,1,-1.5529,3.2121,-2.035,2.0965,0.5607
s2,parity,0,17,7,1,-1.4271,2.5504,-2.0948,2.0965,0.5607
s2,parity,0,17,8,1,-0.6118,2.0708,-2.3818,2.0965,0.5607
s2,parity,0,17,9,1,-1.211,1.1747,-2.758,2.0965,0.5607
s2,parity,0,17,10,1,-1.0164,0.4878,-2.9907,2.0965,0.5607
s2,parity,0,17,11,1,-0.8549,-0.241,-3.0201,2.0965,0.5607
s2,parity,0,17,12,1,-1.0204,-1.1437,-3.1521,2.0965,0.5607
s2,parity,0,17,13,1,-1.1984,-1.887,-3.3625,2.0965,0.5607
s2,parity,0,17,14,1,-1.7989,-2.4132,-3.353,2.0965,0.5607
s2,parity,0,17,15,1,-2.1527,-2.6196,-3.4674,2.0965,0.5607
s2,parity,0,17,16,1,-3.3262,-2.495,-3.4874,2.0965,0.5607
s2,parity,0,17,17,1,-3.7992,-2.0777,-3.3183,2.0965,0.5607
s2,parity,0,17,18,1,-4.5205,-1.9774,-3.4703,2.0965,0.5607
s2,parity,0,18,1,1,-5.3677,1.3425,-0.1867,2.0965,0.5607
s2,parity,0,18,2,1,-4.8777,1.7678,-0.221,2.0965,0.5607
s2,parity,0,18,3,1,-4.6934,2.1709,-0.5331,2.0965,0.5607
s2,parity,0,18,4,1,-3.8572,2.389,-0.9854,2.0965,0.5607
s2,parity,0,18,5,1,-2.969,2.6417,-1.5314,2.0965,0.5607
s2,parity,0,18,6,1,-2.6118,2.5871,-2.2154,2.0965,0.5607
s2,parity,0,18,7,1,-2.4474,2.269,-2.49,2.0965,0.5607
s2,parity,0,18,8,1,-1.779,1.6817,-2.6208,2.0965,0.5607
s2,parity,0,18,9,1,-2.2577,1.026,-2.7845,2.0965,0.5607
s2,parity,0,18,10,1,-2.2517,0.4895,-2.9063,2.0965,0.5607
s2,parity,0,18,11,1,-1.9837,-0.1029,-3.0102,2.0965,0.5607
s2,parity,0,18,12,1,-1.8859,-0.9987,-3.1133,2.0965,0.5607
s2,parity,0,18,13,1,-1.9613,-1.7603,-3.2142,2.0965,0.5607
s2,parity,0,18,14,1,-2.568,-2.1054,-3.2826,2.0965,0.5607
s2,parity,0,18,15,1,-3.3249,-2.2564,-3.4951,2.0965,0.5607
s2,parity,0,18,16,1,-4.2327,-2.1315,-3.5336,2.0965,0.5607
s2,parity,0,18,17,1,-4.2536,-1.7504,-3.2571,2.0965,0.5607
s2,parity,0,18,18,1,-4.9182,-1.7134,-3.386,2.0965,0.5607
s2,full,0,1,1,0,-3.4425,4.6644,1.958,2.6927,0.4044
s2,full,0,1,2,0,-2.8501,4.6527,1.9799,2.6927,0.4044
s2,full,0,1,3,0,-2.1743,4.4904,1.8733,2.6927,0.4044
s2,full,0,1,4,0,-1.6118,4.0145,1.232,2.6927,0.4044
s2,full,0,1,5,0,-1.1039,3.4889,0.3353,2.6927,0.4044
s2,full,0,1,6,0,-1.0334,2.974,-0.4659,2.6927,0.4044
s2,full,0,1,7,0,-1.6449,2.8261,-0.7153,2.6927,0.4044
s2,full,0,1,8,0,-2.1573,2.0155,-0.6591,2.6927,0.4044
s2,full,0,1,9,0,-2.6741,1.4058,-0.5517,2.6927,0.4044
s2,full,0,1,10,0,-3.328,0.7654,-0.4219,2.6927,0.4044
s2,full,0,1,11,0,-3.9479,0.1182,-0.3139,2.6927,0.4044
s2,full,0,1,12,0,-4.2912,-0.528,-0.241,2.6927,0.4044
s2,full,0,1,13,0,-4.4994,-0.857,-0.1957,2.6927,0.4044
s2,full,0,1,14,0,-4.6905,-0.6568,-0.6003,2.6927,0.4044
s2,full,0,1,15,0,-4.9423,0.1971,-1.5042,2.6927,0.4044
s2,full,0,1,16,0,-4.9688,0.8923,-2.0636,2.6927,0.4044
s2,full,0,1,17,0,-4.9963,1.8936,-2.5447,2.6927,0.4044
s2,full,0,1,18,0,-4.8624,2.3601,-2.7301,2.6927,0.4044
s2,full,0,2,1,0,-2.848,4.9382,2.1688,2.6927,0.4044
s2,full,0,2,2,0,-1.9197,4.8646,2.1808,2.6927,0.4044
s2,full,0,2,3,0,-1.1224,4.7128,1.9909,2.6927,0.4044
s2,full,0,2,4,0,-0.2657,4.0066,1.1751,2.6927,0.4044
s2,full,0,2,5,0,0.2275,3.4226,0.3801,2.6927,0.4044
s2,full,0,2,6,0,0.0663,2.8304,-0.3961,2.6927,0.4044
s2,full,0,2,7,0,-0.4469,2.3539,-0.6015,2.6927,0.4044
s2,full,0,2,8,0,-1.2405,1.587,-0.517,2.6927,0.4044
s2,full,0,2,9,0,-1.9752,0.8665,-0.4509,2.6927,0.4044
s2,full,0,2,10,0,-2.727,-0.0448,-0.3697,2.6927,0.4044
s2,full,0,2,11,0,-3.4278,-0.815,-0.2602,2.6927,0.4044
s2,full,0,2,12,0,-3.989,-1.3783,-0.1979,2.6927,0.4044
s2,full,0,2,13,0,-4.2167,-1.655,-0.1471,2.6927,0.4044
s2,full,0,2,14,0,-4.3459,-1.486,-0.447,2.6927,0.4044
s2,full,0,2,15,0,-4.441,-0.7334,-1.1572,2.6927,0.4044
s2,full,0,2,16,0,-4.7991,-0.0453,-1.9363,2.6927,0.4044
s2,full,0,2,17,0,-4.8412,1.0524,-2.4917,2.6927,0.4044
s2,full,0,2,18,0,-4.7958,1.8163,-2.7926,2.6927,0.4044
s2,full,0,3,1,0,-1.7376,4.9565,2.7314,2.6927,0.4044
s2,full,0,3,2,0,-0.5617,4.5747,2.454,2.6927,0.4044
s2,full,0,3,3,0,0.5451,4.45,2.4033,2.6927,0.4044
s2,full,0,3,4,0,1.349,3.7498,1.7081,2.6927,0.4044
s2,full,0,3,5,0,1.8908,3.1666,0.8284,2.6927,0.4044
s2,full,0,3,6,0,1.8795,2.3128,-0.0969,2.6927,0.4044
s2,full,0,3,7,0,1.1776,1.6304,-0.3,2.6927,0.4044
s2,full,0,3,8,0,0.3704,0.8332,-0.3593,2.6927,0.4044
s2,full,0,3,9,0,-0.391,-0.0544,-0.332,2.6927,0.4044
s2,full,0,3,10,0,-1.4025,-1.0813,-0.2271,2.6927,0.4044
s2,full,0,3,11,0,-2.3593,-1.9767,-0.1652,2.6927,0.4044
s2,full,0,3,12,0,-3.0365,-2.4378,-0.0868,2.6927,0.4044
s2,full,0,3,13,0,-3.4528,-2.5978,0.0081,2.6927,0.4044
s2,full,0,3,14,0,-3.6767,-2.7624,-0.5191,2.6927,0.4044
s2,full,0,3,15,0,-4.0182,-2.2371,-1.3103,2.6927,0.4044
s2,full,0,3,16,0,-4.1904,-1.168,-2.0823,2.6927,0.4044
s2,full,0,3,17,0,-4.5454,0.0784,-2.7041,2.6927,0.4044
s2,full,0,3,18,0,-4.7134,0.8747,-3.1925,2.6927,0.4044
s2,full,0,4,1,0,-0.8514,4.8483,3.1264,2.6927,0.4044
s2,full,0,4,2,0,0.3301,4.8453,3.1128,2.6927,0.4044
s2,full,0,4,3,0,1.599,4.4066,2.7211,2.6927,0.4044
s2,full,0,4,4,0,2.8817,3.5239,2.1603,2.6927,0.4044
s2,full,0,4,5,0,3.5767,2.6135,1.2579,2.6927,0.4044
s2,full,0,4,6,0,3.4541,1.8524,0.2331,2.6927,0.4044
s2,full,0,4,7,0,2.8557,1.0993,-0.0756,2.6927,0.4044
s2,full,0,4,8,0,2.1761,0.1394,-0.1879,2.6927,0.4044
s2,full,0,4,9,0,1.2338,-0.9581,-0.2318,2.6927,0.4044
s2,full,0,4,10,0,0.0119,-2.0632,-0.1827,2.6927,0.4044
s2,full,0,4,11,0,-1.0083,-3.0667,-0.1226,2.6927,0.4044
s2,full,0,4,12,0,-1.9078,-3.65,-0.0749,2.6927,0.4044
s2,full,0,4,13,0,-2.3974,-3.8324,0.1418,2.6927,0.4044
s2,full,0,4,14,0,-2.9484,-4.2524,-0.522,2.6927,0.4044
s2,full,0,4,15,0,-3.2871,-3.5562,-1.3932,2.6927,0.4044
s2,full,0,4,16,0,-3.7587,-2.3202,-2.1766,2.6927,0.4044
s2,full,0,4,17,0,-4.3062,-1.009,-2.8124,2.6927,0.4044
s2,full,0,4,18,0,-4.4025,0.0272,-3.1707,2.6927,0.4044
s2,full,0,5,1,0,-0.0645,4.7989,3.537,2.6927,0.4044
s2,full,0,5,2,0,1.0247,4.8488,3.5077,2.6927,0.4044
s2,full,0,5,3,0,2.6391,4.407,3.1449,2.6927,0.4044
s2,full,0,5,4,0,3.8328,3.5346,2.5724,2.6927,0.4044
s2,full,0,5,5,0,4.506,2.4097,1.6404,2.6927,0.4044
s2,full,0,5,6,0,4.6937,1.573,0.6869,2.6927,0.4044
s2,full,0,5,7,0,4.4797,0.777,0.2469,2.6927,0.4044
s2,full,0,5,8,0,3.6073,-0.4252,-0.0385,2.6927,0.4044
s2,full,0,5,9,0,2.7248,-1.4803,-0.1798,2.6927,0.4044
s2,full,0,5,10,0,1.4887,-2.6063,-0.3363,2.6927,0.4044
s2,full,0,5,11,0,0.2437,-3.8343,-0.2682,2.6927,0.4044
s2,full,0,5,12,0,-0.7647,-4.7956,-0.3627,2.6927,0.4044
s2,full,0,5,13,0,-1.4029,-5.2523,-0.3809,2.6927,0.4044
s2,full,0,5,14,0,-2.0133,-5.0436,-0.8726,2.6927,0.4044
s2,full,0,5,15,0,-2.5784,-4.0574,-1.736,2.6927,0.4044
s2,full,0,5,16,0,-3.1673,-2.8239,-2.3292,2.6927,0.4044
s2,full,0,5,17,0,-3.9296,-1.538,-2.914,2.6927,0.4044
s2,full,0,5,18,0,-4.1272,-0.5215,-3.243,2.6927,0.4044
s2,full,0,6,1,0,0.2384,4.6484,3.7072,2.6927,0.4044
s2,full,0,6,2,0,1.1968,4.7,3.8156,2.6927,0.4044
s2,full,0,6,3,0,2.6993,4.1682,3.6374,2.6927,0.4044
s2,full,0,6,4,0,4.3114,3.315,3.1751,2.6927,0.4044
s2,full,0,6,5,0,5.1982,2.4753,2.5194,2.6927,0.4044
s2,full,0,6,6,0,5.3426,1.5486,1.2628,2.6927,0.4044
s2,full,0,6,7,0,5.3382,0.4775,0.674,2.6927,0.4044
s2,full,0,6,8,0,4.6821,-0.6547,0.1618,2.6927,0.4044
s2,full,0,6,9,0,3.732,-1.9407,-0.1607,2.6927,0.4044
s2,full,0,6,10,0,2.521,-3.15,-0.397,2.6927,0.4044
s2,full,0,6,11,0,1.2445,-4.4101,-0.6412,2.6927,0.4044
s2,full,0,6,12,0,0.1455,-5.294,-0.7962,2.6927,0.4044
s2,full,0,6,13,0,-0.6112,-5.6801,-1.0304,2.6927,0.4044
s2,full,0,6,14,0,-1.2912,-5.297,-1.5055,2.6927,0.4044
s2,full,0,6,15,0,-2.1161,-4.2711,-2.3014,2.6927,0.4044
s2,full,0,6,16,0,-2.9782,-2.7496,-2.7919,2.6927,0.4044
s2,full,0,6,17,0,-3.8571,-1.5732,-3.23,2.6927,0.4044
s2,full,0,6,18,0,-3.9812,-0.6129,-3.2403,2.6927,0.4044
s2,full,0,7,1,0,-0.1305,4.3126,3.6219,2.6927,0.4044
s2,full,0,7,2,0,0.8168,4.2178,4.0242,2.6927,0.4044
s2,full,0,7,3,0,2.3048,3.6962,3.9231,2.6927,0.4044
s2,full,0,7,4,0,3.8236,2.8601,3.7412,2.6927,0.4044
s2,full,0,7,5,0,4.7786,1.9286,2.9048,2.6927,0.4044
s2,full,0,7,6,0,5.4864,1.1432,1.7552,2.6927,0.4044
s2,full,0,7,7,0,5.1457,0.0562,0.9837,2.6927,0.4044
s2,full,0,7,8,0,4.7855,-0.9673,0.3535,2.6927,0.4044
s2,full,0,7,9,0,4.2082,-2.2908,-0.2402,2.6927,0.4044
s2,full,0,7,10,0,3.2449,-3.3417,-0.6889,2.6927,0.4044
s2,full,0,7,11,0,2.1893,-4.4486,-1.1159,2.6927,0.4044
s2,full,0,7,12,0,1.1151,-4.9833,-1.3362,2.6927,0.4044
s2,full,0,7,13,0,0.2111,-5.1695,-1.4715,2.6927,0.4044
s2,full,0,7,14,0,-0.605,-4.6434,-1.9961,2.6927,0.4044
s2,full,0,7,15,0,-1.5545,-3.7232,-2.8726,2.6927,0.4044
s2,full,0,7,16,0,-2.4921,-2.3327,-3.3027,2.6927,0.4044
s2,full,0,7,17,0,-3.2316,-1.1288,-3.5417,2.6927,0.4044
s2,full,0,7,18,0,-3.4902,-0.3097,-3.5534,2.6927,0.4044
s2,full,0,8,1,0,-0.5889,3.751,3.6596,2.6927,0.4044
s2,full,0,8,2,0,0.1278,3.4582,4.0856,2.6927,0.4044
s2,full,0,8,3,0,1.5125,2.8429,4.1735,2.6927,0.4044
s2,full,0,8,4,0,3.0901,1.868,4.0771,2.6927,0.4044
s2,full,0,8,5,0,4.2124,1.0306,3.2655,2.6927,0.4044
s2,full,0,8,6,0,5.1233,0.1481,2.3922,2.6927,0.4044
s2,full,0,8,7,0,5.1046,-0.6019,1.4359,2.6927,0.4044
s2,full,0,8,8,0,4.7982,-1.4176,0.6145,2.6927,0.4044
s2,full,0,8,9,0,4.4724,-2.4887,-0.1735,2.6927,0.4044
s2,full,0,8,10,0,3.6006,-3.3679,-0.9216,2.6927,0.4044
s2,full,0,8,11,0,3.0192,-4.0551,-1.5588,2.6927,0.4044
s2,full,0,8,12,0,2.4209,-4.4725,-1.9743,2.6927,0.4044
s2,full,0,8,13,0,1.6595,-4.4546,-2.1699,2.6927,0.4044
s2,full,0,8,14,0,0.6093,-3.7878,-2.516,2.6927,0.4044
s2,full,0,8,15,0,-0.396,-2.794,-3.2951,2.6927,0.4044
s2,full,0,8,16,0,-1.6097,-1.4819,-3.7104,2.6927,0.4044
s2,full,0,8,17,0,-2.3477,-0.3414,-3.7591,2.6927,0.4044
s2,full,0,8,18,0,-2.8403,0.3935,-3.9035,2.6927,0.4044
s2,full,0,9,1,0,-1.2674,2.8731,3.7333,2.6927,0.4044
s2,full,0,9,2,0,-0.6664,2.5027,4.0913,2.6927,0.4044
s2,full,0,9,3,0,0.6971,1.8034,4.3773,2.6927,0.4044
s2,full,0,9,4,0,1.9625,0.7289,4.1873,2.6927,0.4044
s2,full,0,9,5,0,3.3549,-0.2119,3.7071,2.6927,0.4044
s2,full,0,9,6,0,4.2174,-0.8722,2.753,2.6927,0.4044
s2,full,0,9,7,0,4.4779,-1.6483,1.8628,2.6927,0.4044
s2,full,0,9,8,0,4.419,-2.1989,0.9244,2.6927,0.4044
s2,full,0,9,9,0,4.2388,-2.5727,0.0227,2.6927,0.4044
s2,full,0,9,10,0,4.1953,-3.0195,-0.7072,2.6927,0.4044
s2,full,0,9,11,0,3.8693,-3.2241,-1.354,2.6927,0.4044
s2,full,0,9,12,0,3.4317,-3.3913,-2.0768,2.6927,0.4044
s2,full,0,9,13,0,3.0858,-3.3035,-2.4816,2.6927,0.4044
s2,full,0,9,14,0,2.1055,-2.7519,-3.0734,2.6927,0.4044
s2,full,0,9,15,0,0.9962,-1.6272,-3.631,2.6927,0.4044
s2,full,0,9,16,0,-0.4195,-0.468,-4.1048,2.6927,0.4044
s2,full,0,9,17,0,-1.4464,0.5399,-4.1669,2.6927,0.4044
s2,full,0,9,18,0,-2.0351,1.214,-4.1242,2.6927,0.4044
s2,full,0,10,1,1,-2.4234,1.9908,3.632,2.6927,0.4044
s2,full,0,10,2,1,-1.8785,1.4668,4.0242,2.6927,0.4044
s2,full,0,10,3,1,-0.5787,0.6171,4.3987,2.6927,0.4044
s2,full,0,10,4,1,0.7477,-0.5528,4.3859,2.6927,0.4044
s2,full,0,10,5,1,2.0027,-1.7835,3.957,2.6927,0.4044
s2,full,0,10,6,1,2.8456,-2.2975,3.0139,2.6927,0.4044
s2,full,0,10,7,1,3.3406,-2.8597,2.1949,2.6927,0.4044
s2,full,0,10,8,1,3.7698,-3.1418,1.2537,2.6927,0.4044
s2,full,0,10,9,1,4.2881,-3.1211,0.3416,2.6927,0.4044
s2,full,0,10,10,1,4.5012,-3.049,-0.3992,2.6927,0.4044
s2,full,0,10,11,1,4.4228,-2.7248,-1.1611,2.6927,0.4044
s2,full,0,10,12,1,4.4734,-2.468,-1.8694,2.6927,0.4044
s2,full,0,10,13,1,4.178,-1.9818,-2.2843,2.6927,0.4044
s2,full,0,10,14,1,3.3307,-1.4336,-2.9701,2.6927,0.4044
s2,full,0,10,15,1,2.2042,-0.5028,-3.6086,2.6927,0.4044
s2,full,0,10,16,1,0.6573,0.729,-4.1559,2.6927,0.4044
s2,full,0,10,17,1,-0.5339,1.4804,-4.4979,2.6927,0.4044
s2,full,0,10,18,1,-1.2928,1.9666,-4.3751,2.6927,0.4044
s2,full,0,11,1,1,-3.3118,1.212,3.6051,2.6927,0.4044
s2,full,0,11,2,1,-2.8834,0.6602,3.9813,2.6927,0.4044
s2,full,0,11,3,1,-1.6915,-0.557,4.1644,2.6927,0.4044
s2,full,0,11,4,1,-0.4135,-1.9356,4.2956,2.6927,0.4044
s2,full,0,11,5,1,0.5724,-3.0986,3.7098,2.6927,0.4044
s2,full,0,11,6,1,1.3686,-3.8586,3.0268,2.6927,0.4044
s2,full,0,11,7,1,2.0466,-4.1307,2.1697,2.6927,0.4044
s2,full,0,11,8,1,2.8169,-3.9864,1.2504,2.6927,0.4044
s2,full,0,11,9,1,3.6856,-3.4993,0.5787,2.6927,0.4044
s2,full,0,11,10,1,4.471,-3.0031,-0.0857,2.6927,0.4044
s2,full,0,11,11,1,4.7996,-2.2028,-0.6856,2.6927,0.4044
s2,full,0,11,12,1,5.1621,-1.6067,-1.3855,2.6927,0.4044
s2,full,0,11,13,1,5.2369,-0.5661,-1.7781,2.6927,0.4044
s2,full,0,11,14,1,4.3437,-0.2525,-2.8054,2.6927,0.4044
s2,full,0,11,15,1,3.0775,0.6527,-3.5982,2.6927,0.4044
s2,full,0,11,16,1,1.5016,1.4744,-3.8324,2.6927,0.4044
s2,full,0,11,17,1,0.4743,2.3482,-4.4432,2.6927,0.4044
s2,full,0,11,18,1,-0.2556,2.639,-4.4663,2.6927,0.4044
s2,full,0,12,1,1,-4.034,0.5948,3.6149,2.6927,0.4044
s2,full,0,12,2,1,-3.6239,-0.0575,3.8926,2.6927,0.4044
s2,full,0,12,3,1,-2.656,-1.3843,4.1425,2.6927,0.4044
s2,full,0,12,4,1,-1.5631,-2.8535,4.2408,2.6927,0.4044
s2,full,0,12,5,1,-0.6552,-3.7875,3.5069,2.6927,0.4044
s2,full,0,12,6,1,-0.0139,-4.7798,2.7935,2.6927,0.4044
s2,full,0,12,7,1,1.1152,-4.7594,2.117,2.6927,0.4044
s2,full,0,12,8,1,1.903,-4.4265,1.5505,2.6927,0.4044
s2,full,0,12,9,1,3.115,-3.6821,0.8999,2.6927,0.4044
s2,full,0,12,10,1,3.9627,-2.6109,0.3209,2.6927,0.4044
s2,full,0,12,11,1,4.8923,-1.7233,-0.1881,2.6927,0.4044
s2,full,0,12,12,1,5.473,-0.7382,-0.8424,2.6927,0.4044
s2,full,0,12,13,1,5.5772,0.2722,-1.3787,2.6927,0.4044
s2,full,0,12,14,1,4.8145,0.849,-2.1977,2.6927,0.4044
s2,full,0,12,15,1,3.8181,1.671,-3.3512,2.6927,0.4044
s2,full,0,12,16,1,2.3219,2.6458,-3.8987,2.6927,0.4044
s2,full,0,12,17,1,1.1357,3.1283,-4.3927,2.6927,0.4044
s2,full,0,12,18,1,0.2289,3.5324,-4.478,2.6927,0.4044
s2,full,0,13,1,1,-4.2075,0.3346,3.5494,2.6927,0.4044
s2,full,0,13,2,1,-4.0196,-0.5278,3.6057,2.6927,0.4044
s2,full,0,13,3,1,-3.2509,-1.7316,3.7643,2.6927,0.4044
s2,full,0,13,4,1,-2.3059,-3.2661,3.5736,2.6927,0.4044
s2,full,0,13,5,1,-1.5304,-4.587,3.0024,2.6927,0.4044
s2,full,0,13,6,1,-0.7767,-5.3909,2.4007,2.6927,0.4044
s2,full,0,13,7,1,0.0411,-5.2808,1.8709,2.6927,0.4044
s2,full,0,13,8,1,1.0223,-4.5954,1.3398,2.6927,0.4044
s2,full,0,13,9,1,2.402,-3.6465,0.9183,2.6927,0.4044
s2,full,0,13,10,1,3.5401,-2.6022,0.62,2.6927,0.4044
s2,full,0,13,11,1,4.5309,-1.3073,0.2642,2.6927,0.4044
s2,full,0,13,12,1,5.1906,-0.204,-0.1404,2.6927,0.4044
s2,full,0,13,13,1,5.6056,0.8875,-0.6716,2.6927,0.4044
s2,full,0,13,14,1,4.8282,1.4805,-1.5442,2.6927,0.4044
s2,full,0,13,15,1,4.2172,2.2368,-2.8508,2.6927,0.4044
s2,full,0,13,16,1,2.7645,3.2113,-3.375,2.6927,0.4044
s2,full,0,13,17,1,1.5574,3.589,-4.1013,2.6927,0.4044
s2,full,0,13,18,1,0.5796,3.8256,-4.3252,2.6927,0.4044
s2,full,0,14,1,1,-4.5932,0.715,3.2742,2.6927,0.4044
s2,full,0,14,2,1,-4.5218,-0.0833,3.3876,2.6927,0.4044
s2,full,0,14,3,1,-3.7051,-1.5671,3.372,2.6927,0.4044
s2,full,0,14,4,1,-2.9721,-3.2855,3.1014,2.6927,0.4044
s2,full,0,14,5,1,-2.2395,-4.6119,2.4437,2.6927,0.4044
s2,full,0,14,6,1,-1.6368,-5.1054,1.7834,2.6927,0.4044
s2,full,0,14,7,1,-0.9065,-4.8659,1.3867,2.6927,0.4044
s2,full,0,14,8,1,0.1477,-4.1698,0.9646,2.6927,0.4044
s2,full,0,14,9,1,1.3422,-3.152,0.7485,2.6927,0.4044
s2,full,0,14,10,1,2.651,-1.9043,0.608,2.6927,0.4044
s2,full,0,14,11,1,3.532,-0.6385,0.4027,2.6927,0.4044
s2,full,0,14,12,1,4.1729,0.4982,0.1384,2.6927,0.4044
s2,full,0,14,13,1,4.8135,1.443,-0.2727,2.6927,0.4044
s2,full,0,14,14,1,4.6047,2.0904,-1.1637,2.6927,0.4044
s2,full,0,14,15,1,3.8958,2.8621,-2.322,2.6927,0.4044
s2,full,0,14,16,1,2.7592,3.6866,-3.0857,2.6927,0.4044
s2,full,0,14,17,1,1.5791,3.953,-3.8008,2.6927,0.4044
s2,full,0,14,18,1,0.5783,4.006,-4.0485,2.6927,0.4044
s2,full,0,15,1,1,-4.3956,1.2802,2.7248,2.6927,0.4044
s2,full,0,15,2,1,-4.3562,0.301,2.8495,2.6927,0.4044
s2,full,0,15,3,1,-3.9087,-1.0719,2.743,2.6927,0.4044
s2,full,0,15,4,1,-3.3159,-2.6832,2.4291,2.6927,0.4044
s2,full,0,15,5,1,-2.7574,-3.5311,1.8324,2.6927,0.4044
s2,full,0,15,6,1,-2.4237,-4.0836,1.1357,2.6927,0.4044
s2,full,0,15,7,1,-1.8478,-3.7956,0.9064,2.6927,0.4044
s2,full,0,15,8,1,-0.8564,-3.2341,0.5435,2.6927,0.4044
s2,full,0,15,9,1,0.2653,-2.2505,0.3699,2.6927,0.4044
s2,full,0,15,10,1,1.4015,-1.1499,0.3109,2.6927,0.4044
s2,full,0,15,11,1,2.0851,0.0081,0.1811,2.6927,0.4044
s2,full,0,15,12,1,2.9618,1.0431,0.1051,2.6927,0.4044
s2,full,0,15,13,1,3.5119,2.0067,-0.2231,2.6927,0.4044
s2,full,0,15,14,1,3.3535,2.5801,-0.9162,2.6927,0.4044
s2,full,0,15,15,1,2.8356,3.4305,-1.9672,2.6927,0.4044
s2,full,0,15,16,1,1.9442,3.9389,-2.7044,2.6927,0.4044
s2,full,0,15,17,1,0.8433,4.1738,-3.3323,2.6927,0.4044
s2,full,0,15,18,1,-0.1321,4.2856,-3.8102,2.6927,0.4044
s2,full,0,16,1,1,-4.583,2.1162,2.3963,2.6927,0.4044
s2,full,0,16,2,1,-4.6,1.1507,2.377,2.6927,0.4044
s2,full,0,16,3,1,-4.2766,-0.2408,2.3441,2.6927,0.4044
s2,full,0,16,4,1,-3.7791,-1.518,1.9108,2.6927,0.4044
s2,full,0,16,5,1,-3.2525,-2.5624,1.1736,2.6927,0.4044
s2,full,0,16,6,1,-3.1305,-2.911,0.5463,2.6927,0.4044
s2,full,0,16,7,1,-2.7036,-2.6645,0.3655,2.6927,0.4044
s2,full,0,16,8,1,-1.861,-2.1346,0.075,2.6927,0.4044
s2,full,0,16,9,1,-1.0006,-1.1668,-0.0862,2.6927,0.4044
s2,full,0,16,10,1,-0.0576,-0.1711,-0.2418,2.6927,0.4044
s2,full,0,16,11,1,0.6088,0.6055,-0.2224,2.6927,0.4044
s2,full,0,16,12,1,1.5636,1.5565,-0.188,2.6927,0.4044
s2,full,0,16,13,1,2.1161,2.4912,-0.4848,2.6927,0.4044
s2,full,0,16,14,1,2.1151,3.126,-1.1839,2.6927,0.4044
s2,full,0,16,15,1,1.8272,3.688,-1.8991,2.6927,0.4044
s2,full,0,16,16,1,1.0487,4.0866,-2.4466,2.6927,0.4044
s2,full,0,16,17,1,-0.1433,4.4148,-3.3376,2.6927,0.4044
s2,full,0,16,18,1,-1.0518,4.417,-3.7167,2.6927,0.4044
s2,full,0,17,1,1,-4.5275,2.8042,2.0588,2.6927,0.4044
s2,full,0,17,2,1,-4.542,2.0055,2.0084,2.6927,0.4044
s2,full,0,17,3,1,-4.4857,0.8397,1.8932,2.6927,0.4044
s2,full,0,17,4,1,-4.1249,-0.2678,1.5397,2.6927,0.4044
s2,full,0,17,5,1,-3.8305,-1.2696,0.6927,2.6927,0.4044
s2,full,0,17,6,1,-3.7292,-1.7568,0.0111,2.6927,0.4044
s2,full,0,17,7,1,-3.3014,-1.4134,-0.2192,2.6927,0.4044
s2,full,0,17,8,1,-2.5748,-0.8679,-0.4178,2.6927,0.4044
s2,full,0,17,9,1,-2.0664,0.0195,-0.6691,2.6927,0.4044
s2,full,0,17,10,1,-1.2139,0.8961,-0.7807,2.6927,0.4044
s2,full,0,17,11,1,-0.5098,1.5435,-0.8217,2.6927,0.4044
s2,full,0,17,12,1,0.2097,2.326,-0.8824,2.6927,0.4044
s2,full,0,17,13,1,0.7415,2.9099,-0.9858,2.6927,0.4044
s2,full,0,17,14,1,0.7702,3.407,-1.4821,2.6927,0.4044
s2,full,0,17,15,1,0.5796,3.8284,-2.1179,2.6927,0.4044
s2,full,0,17,16,1,-0.1512,4.4574,-2.7517,2.6927,0.4044
s2,full,0,17,17,1,-1.0347,4.3446,-3.3243,2.6927,0.4044
s2,full,0,17,18,1,-1.7696,4.5418,-3.7992,2.6927,0.4044
s2,full,0,18,1,1,-4.4416,3.1965,1.7385,2.6927,0.4044
s2,full,0,18,2,1,-4.4372,2.816,1.802,2.6927,0.4044
s2,full,0,18,3,1,-4.4368,2.0184,1.7926,2.6927,0.4044
s2,full,0,18,4,1,-4.1139,0.8281,1.2103,2.6927,0.4044
s2,full,0,18,5,1,-4.0319,-0.3214,0.5188,2.6927,0.4044
s2,full,0,18,6,1,-3.9616,-0.6587,-0.2862,2.6927,0.4044
s2,full,0,18,7,1,-3.8577,-0.4371,-0.598,2.6927,0.4044
s2,full,0,18,8,1,-3.1525,0.0008,-0.717,2.6927,0.4044
s2,full,0,18,9,1,-2.7339,0.8722,-1.0364,2.6927,0.4044
s2,full,0,18,10,1,-2.1646,1.6018,-1.1899,2.6927,0.4044
s2,full,0,18,11,1,-1.4811,2.0656,-1.2449,2.6927,0.4044
s2,full,0,18,12,1,-0.777,2.7986,-1.3485,2.6927,0.4044
s2,full,0,18,13,1,-0.3179,3.1462,-1.3075,2.6927,0.4044
s2,full,0,18,14,1,-0.2915,3.4467,-1.7265,2.6927,0.4044
s2,full,0,18,15,1,-0.5537,3.9062,-2.4056,2.6927,0.4044
s2,full,0,18,16,1,-1.2351,4.393,-2.9865,2.6927,0.4044
s2,full,0,18,17,1,-1.7114,4.1553,-3.2409,2.6927,0.4044
s2,full,0,18,18,1,-2.1951,4.3642,-3.6839,2.6927,0.4044
