condition,encoding,seed,n_units,fano_fields,mean_fields,chi2_poisson,chi2_p,gridness_mean,gridness_max,gridness_frac_above_0p08,omni_mean,omni_median,omni_frac_pairs_above_0p8
s1,full,0,500,0.6281,1.736,190.19,3.554e-39,-0.2664,0.0776,0.0,0.5858,0.6205,0.363
s1,full,1,500,0.5459,1.702,186.13,2.621e-38,-0.2513,-0.0314,0.0,0.594,0.6438,0.3803
s1,full,2,500,0.788,1.804,189.53,4.925e-39,-0.247,0.0384,0.0,0.5793,0.6147,0.346
s1,full,3,500,0.7105,1.862,160.63,7.262e-33,-0.2636,0.0833,0.01,0.5953,0.6529,0.3737
s1,full,4,500,0.6527,1.758,185.05,4.468e-38,-0.2716,0.0031,0.0,0.5895,0.6404,0.359
s1,full,5,500,0.6516,1.728,198.81,5.093e-41,-0.2773,0.0046,0.0,0.5953,0.6374,0.3693
s1,full,6,500,0.6875,1.69,216.74,7.415e-45,-0.2511,-0.0258,0.0,0.5819,0.6257,0.3507
s1,full,7,500,0.6309,1.76,174.71,7.210e-36,-0.2669,-0.0384,0.0,0.575,0.6183,0.359
s1,full,8,500,0.5633,1.692,191.05,2.334e-39,-0.2187,0.0118,0.0,0.5806,0.6393,0.3623
s1,full,9,500,0.6316,1.752,188.0,1.047e-38,-0.278,-0.0226,0.0,0.5799,0.6262,0.3633
s1,axis,0,500,0.9129,1.876,196.75,1.408e-40,-0.2659,0.0158,0.0,0.3733,0.3328,0.16
s1,axis,1,500,0.8328,1.88,198.05,7.423e-41,-0.2231,0.0016,0.0,0.3726,0.3045,0.1683
s1,axis,2,500,0.8562,1.88,189.94,4.030e-39,-0.2434,0.006,0.0,0.3851,0.3304,0.1807
s1,axis,3,500,0.8065,1.906,174.95,6.419e-36,-0.2624,0.0071,0.0,0.377,0.2972,0.1567
s1,axis,4,500,0.8021,1.952,152.48,2.311e-30,-0.2281,0.5031,0.01,0.3804,0.3188,0.1687
s1,axis,5,500,1.0552,1.924,199.17,2.848e-40,-0.2453,0.1891,0.01,0.3784,0.3356,0.1537
s1,axis,6,500,0.8769,1.984,166.89,2.057e-33,-0.2591,0.011,0.0,0.3822,0.3321,0.174
s1,axis,7,500,0.9159,1.908,181.69,2.331e-37,-0.2361,0.0809,0.01,0.379,0.3162,0.1683
s1,axis,8,500,0.8643,1.878,181.52,2.528e-37,-0.214,0.0704,0.0,0.3849,0.3512,0.1673
s1,axis,9,500,0.8827,1.91,166.55,3.977e-34,-0.229,0.0224,0.0,0.3743,0.317,0.1677
s1,parity,0,500,0.8406,1.654,274.79,2.625e-57,-0.4084,-0.0708,0.0,0.3856,0.3587,0.1683
s1,parity,1,500,0.9086,1.698,276.1,1.373e-57,-0.3847,-0.0443,0.0,0.3828,0.3206,0.1723
s1,parity,2,500,0.7935,1.652,283.57,3.403e-59,-0.3943,-0.042,0.0,0.3716,0.3319,0.1593
s1,parity,3,500,0.7234,1.636,279.92,2.071e-58,-0.3911,0.0422,0.0,0.3784,0.3646,0.16
s1,parity,4,500,0.8095,1.678,281.58,9.111e-59,-0.3688,-0.0558,0.0,0.3683,0.3179,0.1627
s1,parity,5,500,1.0707,1.798,281.2,1.097e-58,-0.3836,0.0378,0.0,0.3743,0.3283,0.153
s1,parity,6,500,0.9876,1.722,268.48,5.927e-56,-0.4143,-0.0642,0.0,0.3666,0.317,0.1607
s1,parity,7,500,0.8018,1.632,297.93,2.792e-62,-0.3617,0.1164,0.01,0.3711,0.3212,0.1423
s1,parity,8,500,0.8224,1.7,269.35,3.859e-56,-0.4043,-0.031,0.0,0.3744,0.3272,0.1683
s1,parity,9,500,0.9094,1.724,259.88,4.164e-54,-0.4142,0.0728,0.0,0.3675,0.3255,0.1673
s1,const,0,500,1.3252,1.842,341.51,1.177e-71,-0.5458,0.0445,0.0,0.3026,0.2323,0.1023
s1,const,1,500,1.3689,1.832,381.02,3.657e-80,-0.51,0.1072,0.01,0.2974,0.2302,0.104
s1,const,2,500,1.3431,1.886,382.4,1.840e-80,-0.4626,0.0398,0.0,0.2815,0.1989,0.0997
s1,const,3,500,1.7256,2.012,385.21,4.221e-80,-0.5209,-0.0658,0.0,0.3005,0.2021,0.113
s1,const,4,500,1.227,1.832,375.3,6.235e-79,-0.5686,-0.0228,0.0,0.2914,0.2291,0.101
s1,const,5,500,1.2798,1.862,336.11,1.706e-70,-0.4875,0.0635,0.0,0.2883,0.209,0.1053
s1,const,6,500,1.3888,1.82,348.27,4.132e-73,-0.5109,-0.0431,0.0,0.3028,0.1974,0.11
s1,const,7,500,1.35,1.906,377.19,2.437e-79,-0.4692,0.168,0.02,0.2943,0.2262,0.088
s1,const,8,500,1.4955,1.902,383.32,1.169e-80,-0.4999,-0.007,0.0,0.2954,0.2302,0.11
s1,const,9,500,1.4366,1.902,370.29,7.486e-78,-0.4584,0.0197,0.0,0.2904,0.2031,0.1047
s2,full,0,500,0.6455,1.792,165.93,5.382e-34,-0.299,0.0075,0.0,0.5577,0.6059,0.321
s2,full,1,500,0.7044,1.8,183.36,1.026e-37,-0.2813,0.0118,0.0,0.5597,0.6112,0.332
s2,full,2,500,0.7311,1.75,193.89,5.761e-40,-0.257,0.0236,0.0,0.5556,0.6174,0.3193
s2,full,3,500,0.7547,1.83,181.49,2.572e-37,-0.2565,0.0324,0.0,0.5647,0.6239,0.339
s2,full,4,500,0.8111,1.8,207.08,8.660e-43,-0.2897,0.0511,0.0,0.5483,0.5976,0.3103
s2,full,5,500,0.7195,1.72,211.54,9.612e-44,-0.2896,0.0651,0.0,0.5466,0.5805,0.3257
s2,full,6,500,0.6379,1.77,186.66,2.026e-38,-0.2728,0.0438,0.0,0.5588,0.6052,0.331
s2,full,7,500,0.6428,1.766,182.33,1.700e-37,-0.2746,0.0465,0.0,0.5524,0.6056,0.3183
s2,full,8,500,0.7433,1.822,171.62,3.293e-35,-0.2724,-0.0019,0.0,0.5504,0.59,0.3223
s2,full,9,500,0.6989,1.786,187.72,1.198e-38,-0.2925,0.0272,0.0,0.5492,0.5851,0.31
s2,axis,0,500,1.0848,1.946,221.63,4.674e-45,-0.2997,0.0043,0.0,0.3357,0.2755,0.1263
s2,axis,1,500,1.0563,1.988,203.29,3.784e-41,-0.2805,0.264,0.01,0.3342,0.2773,0.1253
s2,axis,2,500,1.1775,2.056,172.74,1.178e-34,-0.2345,0.3187,0.01,0.3355,0.2777,0.109
s2,axis,3,500,1.1389,1.986,197.69,5.883e-40,-0.2614,0.0883,0.01,0.3444,0.2783,0.1197
s2,axis,4,500,0.9998,2.066,181.69,1.481e-36,-0.2546,0.4177,0.01,0.3368,0.264,0.139
s2,axis,5,500,0.9619,1.996,191.6,1.161e-38,-0.2588,0.0321,0.0,0.3272,0.2572,0.1277
s2,axis,6,500,1.0758,2.08,185.32,2.511e-37,-0.2535,0.1828,0.01,0.3448,0.2974,0.1283
s2,axis,7,500,1.1806,1.964,213.22,2.898e-43,-0.2667,0.0144,0.0,0.3388,0.2625,0.124
s2,axis,8,500,1.1025,1.988,209.5,1.802e-42,-0.2232,0.0105,0.0,0.3413,0.2837,0.1263
s2,axis,9,500,1.2072,2.158,174.56,4.838e-35,-0.2519,0.0417,0.0,0.3416,0.2866,0.1287
s2,parity,0,500,1.2014,1.842,300.23,8.947e-63,-0.409,0.0426,0.0,0.3422,0.2968,0.1327
s2,parity,1,500,0.9003,1.684,277.16,8.125e-58,-0.4437,0.017,0.0,0.3403,0.2869,0.1313
s2,parity,2,500,0.9458,1.722,307.44,2.512e-64,-0.4642,0.0441,0.0,0.3396,0.2704,0.1367
s2,parity,3,500,1.0648,1.732,300.19,9.123e-63,-0.4181,0.1701,0.01,0.353,0.3264,0.132
s2,parity,4,500,0.9562,1.812,235.97,5.613e-49,-0.4402,-0.0321,0.0,0.3517,0.2914,0.145
s2,parity,5,500,0.8765,1.7,265.92,2.104e-55,-0.454,-0.0466,0.0,0.3511,0.3099,0.1437
s2,parity,6,500,0.8417,1.696,271.67,1.224e-56,-0.4595,-0.0543,0.0,0.3419,0.2907,0.1307
s2,parity,7,500,1.1415,1.756,298.82,1.795e-62,-0.4026,0.0208,0.0,0.3513,0.3279,0.1243
s2,parity,8,500,1.0924,1.706,326.6,1.905e-68,-0.4311,-0.041,0.0,0.3333,0.2688,0.124
s2,parity,9,500,0.9952,1.69,313.18,1.470e-65,-0.4196,0.1381,0.01,0.346,0.2794,0.133
s2,const,0,500,1.5858,1.922,433.2,2.022e-90,-0.5829,0.0027,0.0,0.2485,0.1992,0.072
s2,const,1,500,1.5094,1.894,399.66,3.512e-84,-0.5835,0.0452,0.0,0.2474,0.166,0.0663
s2,const,2,500,2.0017,2.162,465.75,2.001e-97,-0.646,0.0075,0.0,0.2487,0.1804,0.073
s2,const,3,500,1.6344,2.062,380.98,3.429e-79,-0.5939,0.0053,0.0,0.2632,0.1801,0.07
s2,const,4,500,1.5913,1.934,396.49,1.586e-82,-0.6072,-0.0018,0.0,0.2536,0.1796,0.0803
s2,const,5,500,1.9306,2.044,449.81,5.380e-94,-0.5804,0.1777,0.01,0.2475,0.1487,0.076
s2,const,6,500,1.4834,1.936,390.52,3.051e-81,-0.6416,-0.0092,0.0,0.2534,0.17,0.0767
s2,const,7,500,1.7689,2.008,432.22,3.291e-90,-0.5576,0.3576,0.01,0.247,0.1699,0.0853
s2,const,8,500,1.7101,1.964,415.06,1.617e-86,-0.6009,0.0637,0.0,0.25,0.1762,0.0643
s2,const,9,500,1.6564,2.028,421.26,7.476e-88,-0.6056,0.0318,0.0,0.2545,0.1803,0.0753
s4,full,0,500,1.026,1.974,175.48,3.092e-35,-0.3201,-0.0108,0.0,0.534,0.5904,0.289
s4,full,1,500,0.8661,1.956,183.54,5.992e-37,-0.3328,-0.0016,0.0,0.5285,0.583,0.2763
s4,full,2,500,1.0038,2.064,163.11,1.299e-32,-0.3544,-0.0226,0.0,0.5389,0.5879,0.315
s4,full,3,500,1.1266,1.99,207.47,4.867e-42,-0.333,-0.0132,0.0,0.5289,0.5777,0.2907
s4,full,6,500,0.9671,1.916,187.87,7.225e-38,-0.3541,-0.0255,0.0,0.5309,0.5803,0.2837
s4,full,7,500,0.8917,1.888,209.54,2.583e-43,-0.3661,0.0043,0.0,0.5382,0.5991,0.294
s4,full,8,500,0.8822,1.842,202.31,9.108e-42,-0.3374,-0.0388,0.0,0.5272,0.5766,0.3
s4,full,9,500,0.8821,1.882,197.97,7.728e-41,-0.3241,-0.0439,0.0,0.5241,0.5791,0.282
s4,axis,0,500,1.518,2.062,314.84,5.386e-65,-0.363,0.031,0.0,0.3171,0.2632,0.085
s4,axis,1,500,1.5049,2.14,267.96,5.921e-55,-0.3673,0.2297,0.01,0.3145,0.2506,0.0933
s4,axis,2,500,1.5332,2.224,254.18,5.243e-52,-0.4006,0.0108,0.0,0.3138,0.2477,0.0957
s4,axis,3,500,1.4657,2.1,288.19,2.770e-59,-0.424,0.0523,0.0,0.3149,0.2531,0.091
s4,axis,6,500,1.3221,2.164,249.53,5.169e-51,-0.3987,0.0064,0.0,0.3204,0.27,0.0933
s4,axis,7,500,1.5947,2.162,298.55,1.671e-61,-0.4326,0.0004,0.0,0.3121,0.2291,0.0943
s4,axis,8,500,1.5184,2.208,300.49,6.418e-62,-0.4347,0.0128,0.0,0.3164,0.2594,0.1003
s4,axis,9,500,1.7509,2.272,333.85,4.524e-69,-0.3938,0.0268,0.0,0.3274,0.2838,0.086
s4,parity,0,500,1.248,1.818,358.07,3.200e-75,-0.5779,-0.091,0.0,0.3194,0.257,0.0997
s4,parity,1,500,1.0477,1.658,366.42,5.085e-77,-0.5497,-0.0816,0.0,0.3086,0.2567,0.1023
s4,parity,2,500,1.2604,1.884,355.41,1.197e-74,-0.5718,-0.0267,0.0,0.3249,0.2515,0.0957
s4,parity,3,500,1.2776,1.854,360.13,1.155e-75,-0.5948,-0.0475,0.0,0.3359,0.2859,0.1137
s4,parity,6,500,1.054,1.792,327.33,1.323e-68,-0.5545,-0.0445,0.0,0.3229,0.2794,0.099
s4,parity,7,500,1.4439,1.894,375.34,6.115e-79,-0.558,-0.0512,0.0,0.3239,0.2735,0.104
s4,parity,8,500,1.4492,1.902,363.15,2.580e-76,-0.5418,-0.0473,0.0,0.3199,0.2704,0.0857
s4,parity,9,500,1.5166,1.874,386.44,2.477e-81,-0.5724,-0.0647,0.0,0.3228,0.2692,0.1037
s4,const,0,500,1.9788,2.078,578.86,8.477e-122,-0.8801,-0.005,0.0,0.2302,0.1594,0.044
s4,const,1,500,1.969,2.106,634.42,8.748e-134,-0.888,-0.1184,0.0,0.2323,0.1677,0.0557
s4,const,2,500,1.9638,2.07,594.47,3.628e-125,-0.8864,-0.0758,0.0,0.2184,0.1437,0.0427
s4,const,3,500,2.1627,2.162,621.1,6.556e-131,-0.8454,-0.0912,0.0,0.2387,0.1653,0.0637
s4,const,6,500,2.1989,2.062,636.86,2.596e-134,-0.9245,-0.1257,0.0,0.2324,0.1687,0.0473
s4,const,7,500,2.2509,2.042,583.25,9.565e-123,-0.8578,0.0442,0.0,0.2285,0.1622,0.048
s4,const,8,500,1.9196,1.92,611.37,8.226e-129,-0.891,-0.1128,0.0,0.2249,0.1567,0.0467
s4,const,9,500,2.1336,2.232,598.89,4.045e-126,-0.882,-0.0883,0.0,0.2258,0.1684,0.0453
