layout,variant,seed,step,b1_true,b1_hat,b1_conf,b1_correct,metric,decode_r2,n_cells
annulus,,0,0,1,1,1.152321481825996,1,0.24266431700274257,0.809935127844381,288
annulus,,0,1000,1,1,1.0452306333148014,1,0.37149347514572845,0.9373039247272302,288
annulus,,0,16000,1,2,1.7689619167851958,0,0.6038168753512996,0.9974610404190392,288
annulus,,0,2000,1,3,1.1993837067801862,0,0.4575097132577302,0.9779857273838333,288
annulus,,0,250,1,0,1.211595084587237,0,0.21078432546304768,0.7880796088317434,288
annulus,,0,32000,1,1,2.329491574656851,1,0.6066441685614992,0.997667074077669,288
annulus,,0,4000,1,1,1.3008311994925779,1,0.5340165084567211,0.985230265845751,288
annulus,,0,500,1,0,1.1193415959703645,0,0.24138361006304232,0.8868943330284471,288
annulus,,0,8000,1,2,1.5709585189168487,0,0.5763388976744652,0.9962811164999229,288
annulus,,0,80000,1,2,1.059933193820024,0,0.6056729467426518,0.9979209937950995,288
annulus,,0,final,1,2,1.0560791655763901,0,0.6054433991667324,0.997912444957944,288
annulus,,1,0,1,1,1.0818603278862966,1,0.23357597930841753,0.7453567462886472,288
annulus,,1,1000,1,1,1.0985861970832775,1,0.3650949438869205,0.93571942120247,288
annulus,,1,16000,1,2,1.7381801257474185,0,0.5963039397749024,0.9969045125884142,288
annulus,,1,2000,1,1,1.2541359006988622,1,0.4508144872077663,0.9679707468679541,288
annulus,,1,250,1,0,1.5003673060885103,0,0.20647261318611013,0.827812520195128,288
annulus,,1,32000,1,3,1.3659574963892207,0,0.6111223520365809,0.9970120456857237,288
annulus,,1,4000,1,1,1.2189532792704636,1,0.5210657441073231,0.9891421246509445,288
annulus,,1,500,1,1,1.0052338482677599,1,0.23722797547716165,0.887316347379873,288
annulus,,1,8000,1,2,1.9508506539053243,0,0.5746848100034208,0.9951172396436168,288
annulus,,1,80000,1,1,1.8356419096151861,1,0.615221783662551,0.9976246856177557,288
annulus,,1,final,1,1,1.8663328972048212,1,0.6151716651712107,0.9976157863934066,288
annulus,,2,0,1,0,1.115332501624144,0,0.2528010281408948,0.7602647383600416,288
annulus,,2,1000,1,2,1.3043605116445198,0,0.38126579316763887,0.8923781836817343,288
annulus,,2,16000,1,1,1.4997795298232846,1,0.595280559353876,0.9966805492249465,288
annulus,,2,2000,1,3,1.2186703445026892,0,0.47129591511881497,0.9688030066832516,288
annulus,,2,250,1,0,1.3411334208776917,0,0.22989079752895322,0.7919664463875083,288
annulus,,2,32000,1,4,1.3249898429695073,0,0.6025112313991967,0.9975761000175762,288
annulus,,2,4000,1,1,1.5543763364157457,1,0.5114105146002578,0.9847016525837899,288
annulus,,2,500,1,0,1.0322538969259156,0,0.26811912737307525,0.8733894860960751,288
annulus,,2,8000,1,1,1.6941542188263676,1,0.5746248820680055,0.9951287268491711,288
annulus,,2,80000,1,2,1.409395309244236,0,0.6066692569926793,0.9979590544259913,288
annulus,,2,final,1,2,1.4140834086067575,0,0.6066177659440857,0.997963490199341,288
annulus,,3,0,1,2,1.0369502350547863,0,0.2030293606032096,0.7246357188839893,288
annulus,,3,1000,1,0,1.329371755110565,0,0.3902593383396083,0.908438329298298,288
annulus,,3,16000,1,1,1.9966740020873337,1,0.6157466203264645,0.9972986161533347,288
annulus,,3,2000,1,1,1.411699143994233,1,0.45106934390315084,0.9619440735386735,288
annulus,,3,250,1,0,1.2289322014827242,0,0.21305070924615044,0.7461706562585528,288
annulus,,3,32000,1,1,1.8268123376821144,1,0.6306676262905172,0.9973811934020981,288
annulus,,3,4000,1,1,1.2695428132946736,1,0.5389740789177352,0.9879771527351121,288
annulus,,3,500,1,1,1.2216361619750356,1,0.2574978882207284,0.8120665351735168,288
annulus,,3,8000,1,1,1.653536724597486,1,0.5927008517865013,0.9945184148036311,288
annulus,,3,80000,1,1,1.636309048883127,1,0.6210009021150855,0.997580874374712,288
annulus,,3,final,1,1,1.6350090908788277,1,0.6210111519383454,0.9975773037351197,288
annulus,,4,0,1,2,1.1160324171424938,0,0.2564133410004861,0.7144338490532445,288
annulus,,4,1000,1,1,1.218069768691995,1,0.37835299458623517,0.931672759705451,288
annulus,,4,16000,1,2,1.7213966029403018,0,0.5869610105165997,0.9964448193480011,288
annulus,,4,2000,1,1,1.3061325750266013,1,0.4584848294188711,0.972617135860261,288
annulus,,4,250,1,0,1.1256915171503747,0,0.222518833539144,0.7486262361348851,288
annulus,,4,32000,1,1,1.388099013221441,1,0.5901590325794079,0.9973859238900165,288
annulus,,4,4000,1,1,1.15422592085697,1,0.5182919067014999,0.9882318205668874,288
annulus,,4,500,1,0,1.1901662502388866,0,0.2436118643299695,0.8663356844734199,288
annulus,,4,8000,1,2,1.404304376644125,0,0.5790926187558444,0.9947087260335763,288
annulus,,4,80000,1,3,1.5713651506684843,0,0.5981685800354193,0.9974440594528378,288
annulus,,4,final,1,3,1.555851838462044,0,0.5983024119498164,0.997447258125878,288
annulus,,5,0,1,0,1.0779182090198047,0,0.23676584556271063,0.6903367421681937,288
annulus,,5,1000,1,0,1.0792518954661605,0,0.36023548568355473,0.928468664645284,288
annulus,,5,16000,1,2,1.6633686874602291,0,0.5961367238626509,0.9967017914811578,288
annulus,,5,2000,1,1,1.3837197033457798,1,0.435391091386037,0.9644645750505291,288
annulus,,5,250,1,0,1.0017142138108976,0,0.20443823498788252,0.7374916757149567,288
annulus,,5,32000,1,2,1.511488653022519,0,0.6100468128411305,0.9976703420765094,288
annulus,,5,4000,1,2,1.202940740207279,0,0.5268436191475715,0.9852954402717462,288
annulus,,5,500,1,0,1.333456005079807,0,0.22476861671216108,0.7979855370882,288
annulus,,5,8000,1,2,1.7626030213764303,0,0.5644188117209487,0.9944096869356001,288
annulus,,5,80000,1,1,1.6620071212370426,1,0.619861746666775,0.9976330304865171,288
annulus,,5,final,1,1,1.6441733836378258,1,0.6197685451204816,0.9976257858223836,288
annulus,,6,0,1,0,1.0616088314020082,0,0.23406068935322663,0.7726581685213971,288
annulus,,6,1000,1,0,1.0184323289750736,0,0.33555410255069174,0.9062055917646872,288
annulus,,6,16000,1,2,1.4573451777828896,0,0.5886463087568835,0.9964700391533947,288
annulus,,6,2000,1,3,1.3187249207081118,0,0.4489517828098855,0.950195170293477,288
annulus,,6,250,1,0,1.1608195914176376,0,0.1960548349123348,0.7242401959671171,288
annulus,,6,32000,1,1,1.7480255001016842,1,0.6085226025200067,0.9975271434605089,288
annulus,,6,4000,1,1,1.213721058792165,1,0.5211917540232504,0.9802803825704034,288
annulus,,6,500,1,1,1.1759242772304692,1,0.22253866738919376,0.8655724245391576,288
annulus,,6,8000,1,2,1.3492843003828237,0,0.5658772392624677,0.9950068413729447,288
annulus,,6,80000,1,1,1.6036181441857944,1,0.5994527195089938,0.9972016169484702,288
annulus,,6,final,1,1,1.585343814423776,1,0.5994764308157635,0.9972317079134847,288
annulus,,7,0,1,0,1.062326367635652,0,0.28782413084889746,0.820069977554654,288
annulus,,7,1000,1,1,1.031169913105047,1,0.3849099778804938,0.907740858518783,288
annulus,,7,16000,1,1,1.668808408221134,1,0.5886697003428106,0.9971950848600099,288
annulus,,7,2000,1,1,1.3612148246959002,1,0.4427602857260024,0.9704539574458785,288
annulus,,7,250,1,0,1.1183385972951176,0,0.2413597184444658,0.8095923049549001,288
annulus,,7,32000,1,1,1.6573614616546926,1,0.5996540373742304,0.9975554501428052,288
annulus,,7,4000,1,1,1.3954390940931969,1,0.5163471956307514,0.9872452504134284,288
annulus,,7,500,1,0,1.2430705739992138,0,0.27786917282721746,0.9006976357664327,288
annulus,,7,8000,1,1,1.63971536149908,1,0.5741120482748814,0.9961813014340299,288
annulus,,7,80000,1,0,1.039911687306173,0,0.6081348591955251,0.997768931621939,288
annulus,,7,final,1,0,1.0467576885544054,0,0.6082193012734326,0.997789822090699,288
figure8,,0,0,2,1,1.203059309462633,0,0.2717103702553711,0.858129264196678,292
figure8,,0,1000,2,2,1.2352268922325902,1,0.4290631729973044,0.9367504309861372,292
figure8,,0,16000,2,1,1.243013791564343,0,0.6932577935795597,0.9967858575364577,292
figure8,,0,2000,2,1,1.7186837778298973,0,0.5276051873243458,0.9827571400487564,292
figure8,,0,250,2,0,1.0566011798807764,0,0.1972098921710866,0.802633513753133,292
figure8,,0,32000,2,1,1.0623191312415452,0,0.7019889143379652,0.9973284990354838,292
figure8,,0,4000,2,2,1.2073508670703785,1,0.6289253933589936,0.9941721913388172,292
figure8,,0,500,2,1,1.0628541430844656,0,0.237615137018869,0.8745869291080226,292
figure8,,0,8000,2,1,1.081041606109982,0,0.6856735401176073,0.996017905245216,292
figure8,,0,80000,2,1,1.0577676777266378,0,0.7057155567803401,0.9971043734316052,292
figure8,,0,final,2,1,1.046804669660624,0,0.7055063601947389,0.9970634692778576,292
figure8,,1,0,2,1,1.152020104627491,0,0.24118872926874285,0.819148480997324,292
figure8,,1,1000,2,1,2.0696644384272704,0,0.41134727496666557,0.9502546171589719,292
figure8,,1,16000,2,1,1.032581145320325,0,0.6973581800562293,0.9972151748039335,292
figure8,,1,2000,2,1,1.2837368020485178,0,0.5333228761753075,0.9828383969107446,292
figure8,,1,250,2,1,1.1319148153476069,0,0.2149569586565259,0.812946190446125,292
figure8,,1,32000,2,1,1.2172070010788916,0,0.7084475015545081,0.997365734549691,292
figure8,,1,4000,2,1,1.2714172644701012,0,0.6250569178565343,0.9933057224437674,292
figure8,,1,500,2,0,1.078420828860974,0,0.2579457040577563,0.9033273500260606,292
figure8,,1,8000,2,0,1.0303577453388635,0,0.65846662919737,0.9962023771439797,292
figure8,,1,80000,2,1,1.039943855554508,0,0.6979945214051004,0.9975143164278487,292
figure8,,1,final,2,1,1.053232657448745,0,0.6981464373750852,0.9975306599197611,292
figure8,,2,0,2,1,1.0994278097082526,0,0.2238135871147356,0.7492671627599217,292
figure8,,2,1000,2,1,1.3837544755854738,0,0.44206988261503694,0.9443855950274201,292
figure8,,2,16000,2,0,1.0809549567356722,0,0.698000659359032,0.9960630565491136,292
figure8,,2,2000,2,4,1.4145546119786907,0,0.5355781644314692,0.9848973945149604,292
figure8,,2,250,2,0,1.0432735775643012,0,0.21724157026168886,0.8217359021693105,292
figure8,,2,32000,2,0,1.165786454977046,0,0.6858320082884283,0.9970331931405763,292
figure8,,2,4000,2,1,1.1903757031823834,0,0.6122470624108188,0.9930664780921832,292
figure8,,2,500,2,2,1.127035404815277,1,0.2615359522520132,0.8768174275371718,292
figure8,,2,8000,2,0,1.1014926049224825,0,0.6621716268074682,0.9958457011746036,292
figure8,,2,80000,2,1,1.2533463517836416,0,0.6887124038742065,0.9971291592748216,292
figure8,,2,final,2,1,1.2578387065095258,0,0.6888509797681333,0.9971185200850329,292
figure8,,3,0,2,1,1.232034396407167,0,0.24556551638827082,0.8018372612962201,292
figure8,,3,1000,2,1,1.6670126380601675,0,0.4269689831802712,0.9492048097191705,292
figure8,,3,16000,2,1,1.0110669665906797,0,0.7182614734672246,0.9976178062605658,292
figure8,,3,2000,2,1,1.5437213967862553,0,0.5599598976136337,0.9855224829870171,292
figure8,,3,250,2,1,1.1225545208889742,0,0.23007424361743406,0.7682541788343885,292
figure8,,3,32000,2,1,1.0567428569462773,0,0.7364926548906011,0.9980598458451724,292
figure8,,3,4000,2,2,1.2472660705364718,1,0.6407584239973069,0.9935696132299416,292
figure8,,3,500,2,1,1.0870279669418363,0,0.308968253232159,0.929728442156876,292
figure8,,3,8000,2,0,1.25445397164553,0,0.6957277262500839,0.9968086695343141,292
figure8,,3,80000,2,1,1.0204169950743118,0,0.7379621329278057,0.9975160885934127,292
figure8,,3,final,2,1,1.0356624707365707,0,0.7379765930366035,0.9975235728931974,292
figure8,,4,0,2,1,1.122952047610779,0,0.1938100324579803,0.799466756300443,292
figure8,,4,1000,2,1,1.341852474957714,0,0.40232828254989833,0.9205530508350229,292
figure8,,4,16000,2,1,1.0336111019395096,0,0.7031542893090517,0.9973017361184542,292
figure8,,4,2000,2,1,1.429620186110653,0,0.535835224616659,0.9817855628134993,292
figure8,,4,250,2,0,1.1009525209250186,0,0.2145168358477509,0.7958190813580854,292
figure8,,4,32000,2,0,1.1469751904522865,0,0.6992064012408497,0.997186987373941,292
figure8,,4,4000,2,1,1.152973540149337,0,0.6248650969685835,0.9928014042277168,292
figure8,,4,500,2,2,1.111958641902015,1,0.2698884246516002,0.8735825006526236,292
figure8,,4,8000,2,0,1.07876607375785,0,0.678990220498248,0.9967811291420803,292
figure8,,4,80000,2,0,1.2087382287683688,0,0.6694190497722291,0.9970204797011091,292
figure8,,4,final,2,0,1.1970724398375725,0,0.6693483718310754,0.9969640591177136,292
figure8,,5,0,2,1,1.0368953501787292,0,0.20183963595279078,0.7658932750346639,292
figure8,,5,1000,2,1,1.1064483486416783,0,0.427134047472429,0.9462063746002454,292
figure8,,5,16000,2,0,1.2239205766696084,0,0.7001198239061099,0.9972470089076564,292
figure8,,5,2000,2,3,1.4728508120184258,0,0.5187653885911926,0.9824429882714398,292
figure8,,5,250,2,1,1.1267920017726738,0,0.20692167032983744,0.7522293006065701,292
figure8,,5,32000,2,0,1.2208996589028898,0,0.723045609928129,0.9974146404748048,292
figure8,,5,4000,2,3,1.3185648837501383,0,0.6231183684665819,0.992773344745357,292
figure8,,5,500,2,1,1.0704514099021625,0,0.2600409088499255,0.8922587663639845,292
figure8,,5,8000,2,1,1.2037051459377335,0,0.6522304862100634,0.9958490735377087,292
figure8,,5,80000,2,0,1.040335618845075,0,0.7267513032767318,0.997603333200819,292
figure8,,5,final,2,0,1.030127955412693,0,0.7270062143693262,0.9976246028967932,292
figure8,,6,0,2,1,1.1352329828345895,0,0.26062141151890406,0.8552552794917819,292
figure8,,6,1000,2,1,1.6616783377249194,0,0.4011715939468702,0.9443674786570628,292
figure8,,6,16000,2,1,1.0048288391587448,0,0.6848719580777552,0.9970945334115214,292
figure8,,6,2000,2,3,1.458321297640665,0,0.5085868537496546,0.9817617138442593,292
figure8,,6,250,2,2,1.1287401186952244,1,0.2113304101641679,0.7857684821982565,292
figure8,,6,32000,2,1,1.101316002016995,0,0.6829302187400248,0.9978746908990841,292
figure8,,6,4000,2,1,1.202386777424539,0,0.5921068347452435,0.9917568662113299,292
figure8,,6,500,2,0,1.015763097046724,0,0.27643602474303,0.8683310198174405,292
figure8,,6,8000,2,1,1.0703122230377642,0,0.6647764528635278,0.9955377549944305,292
figure8,,6,80000,2,0,1.126807524331506,0,0.6866079817028897,0.9971943935944381,292
figure8,,6,final,2,0,1.11784997650863,0,0.6865941547983674,0.9971853093591421,292
figure8,,7,0,2,1,1.274596620337755,0,0.22490628949166616,0.7987618299136022,292
figure8,,7,1000,2,1,1.1174891790958137,0,0.42440260035060867,0.9564521610285265,292
figure8,,7,16000,2,1,1.0967368980802565,0,0.6948700971380602,0.9970012054094571,292
figure8,,7,2000,2,1,1.5420343240002852,0,0.5533917404808564,0.9844130596283847,292
figure8,,7,250,2,1,1.1747758492443319,0,0.21474848497078927,0.8174819261139443,292
figure8,,7,32000,2,0,1.14304008860802,0,0.7038766840905948,0.9973512018470343,292
figure8,,7,4000,2,2,1.133695010277538,1,0.6218320221851292,0.9922085196437769,292
figure8,,7,500,2,1,1.2959805688252508,0,0.27489276974884885,0.8842885317314533,292
figure8,,7,8000,2,0,1.1775708234766087,0,0.6686284443163483,0.9959932857874874,292
figure8,,7,80000,2,1,1.0230735698017157,0,0.7063345994619975,0.9965879304610393,292
figure8,,7,final,2,1,1.0101495040704673,0,0.706433178661495,0.9966534800614912,292
open,,0,0,0,2,1.298924659246001,0,0.4180353648782797,0.8523654311091363,324
open,,0,1000,0,1,1.4121127471730492,0,0.5394284843401812,0.9674074497244198,324
open,,0,16000,0,0,1.1740519074956621,1,0.7781908241641746,0.9982943880305811,324
open,,0,2000,0,4,1.380278493682456,0,0.6408726187310672,0.9902017138998371,324
open,,0,250,0,0,1.29607564792749,1,0.36900139275785965,0.9117046781456967,324
open,,0,32000,0,1,1.0391633335191217,0,0.7957312040046274,0.9984191881181245,324
open,,0,4000,0,1,1.274376919792871,0,0.7124470665275517,0.9965141515362467,324
open,,0,500,0,1,1.8264475601599908,0,0.44827344588683565,0.9356113051969779,324
open,,0,8000,0,1,1.0496642253306718,0,0.7658974146591195,0.9980119904474479,324
open,,0,80000,0,0,1.2356460129905111,1,0.816946221443428,0.9986022683601575,324
open,,0,final,0,0,1.2299009239429817,1,0.8168140690626656,0.9986022105133104,324
open,,1,0,0,1,1.1147360566681113,0,0.38806667729530603,0.8365001985990854,324
open,,1,1000,0,1,1.2934330797358193,0,0.5452760020009192,0.9737468707960751,324
open,,1,16000,0,1,1.0044214975328938,0,0.7991177867818534,0.9980564014543457,324
open,,1,2000,0,1,1.496604782875055,0,0.6403404579670815,0.99215001651473,324
open,,1,250,0,1,1.0500649912983593,0,0.37042018346210465,0.8844364564769716,324
open,,1,32000,0,0,1.1626477146711205,1,0.7957716781763189,0.9982395826949422,324
open,,1,4000,0,2,1.2793795456695987,0,0.7167344816406105,0.9964488254676047,324
open,,1,500,0,1,1.202896453412697,0,0.4175473027666747,0.9446722703379014,324
open,,1,8000,0,1,1.0442418121702002,0,0.7707368983991317,0.9978800561204796,324
open,,1,80000,0,0,1.0553696908854902,1,0.8114881432444262,0.9982556998890304,324
open,,1,final,0,0,1.0459673113433894,1,0.8114286580323051,0.9982814489930213,324
open,,2,0,0,1,1.2180392352431995,0,0.424066543508165,0.8198378849473335,324
open,,2,1000,0,1,1.279512383297766,0,0.5189269074420582,0.9601304828031398,324
open,,2,16000,0,0,1.1908051606437302,1,0.7771451932737459,0.9979883722701098,324
open,,2,2000,0,1,1.4178342251984908,0,0.6486300099955998,0.9898836341056775,324
open,,2,250,0,1,1.4898783663204909,0,0.355082817178855,0.8337001066992823,324
open,,2,32000,0,0,1.3736072639111814,1,0.7930828165746036,0.9984568158512713,324
open,,2,4000,0,1,1.7740984404381535,0,0.7056408327504148,0.9963229974688537,324
open,,2,500,0,1,1.196378360741088,0,0.41885175534054214,0.9341673192759824,324
open,,2,8000,0,1,1.2546864661852775,0,0.7564344958307727,0.9978556278915802,324
open,,2,80000,0,0,1.227907861370823,1,0.8068599685275347,0.9985966290414391,324
open,,2,final,0,0,1.2233407475612987,1,0.8066736530314733,0.9985845585027076,324
open,,3,0,0,0,1.0067239222591864,1,0.4075546090577298,0.8512201940270483,324
open,,3,1000,0,1,1.9757404156717204,0,0.5511197032257125,0.9725992750234334,324
open,,3,16000,0,0,1.5088511762148091,1,0.7854451011956779,0.9980077100058014,324
open,,3,2000,0,1,1.286250200929818,0,0.6260229324226787,0.9908033237708505,324
open,,3,250,0,1,1.557019141735354,0,0.37654653737167804,0.7470455347418244,324
open,,3,32000,0,0,1.2819900296206592,1,0.7849508655404782,0.9981028009574346,324
open,,3,4000,0,1,1.4073419261926337,0,0.7148845116799012,0.9961463106108024,324
open,,3,500,0,1,1.2431582281096523,0,0.45213296960413046,0.9113010669813051,324
open,,3,8000,0,1,1.0472123489581726,0,0.7476529757003596,0.9978304764993535,324
open,,3,80000,0,1,1.0155388887432817,0,0.7828852341701836,0.9982590085317733,324
open,,3,final,0,1,1.0270973807220876,0,0.7828827188771892,0.9982476124988751,324
open,,4,0,0,2,1.0675132089918224,0,0.38481253909278623,0.7525141997006408,324
open,,4,1000,0,1,1.7728670187161308,0,0.550802275311474,0.9709185332593936,324
open,,4,16000,0,0,1.3480546680522998,1,0.7850208202826147,0.9982433500448794,324
open,,4,2000,0,1,1.3896219802637506,0,0.66087581420765,0.9933746008706766,324
open,,4,250,0,1,1.3214711009207727,0,0.35710050424104156,0.8895740430713841,324
open,,4,32000,0,0,1.1946402284487432,1,0.7887191497696746,0.9983739801659416,324
open,,4,4000,0,1,1.746826057797759,0,0.7360298371602394,0.9963061117501892,324
open,,4,500,0,2,1.2290238056493394,0,0.42600406769741417,0.9181403192878014,324
open,,4,8000,0,0,1.3980889171199582,1,0.7807120489879144,0.9980778958570798,324
open,,4,80000,0,0,1.0689057950312142,1,0.7929547318371362,0.998604130407027,324
open,,4,final,0,0,1.0829509167344478,1,0.7929992503791014,0.998588732957438,324
open,,5,0,0,1,1.3670169456929528,0,0.43026862628502033,0.8273373610821022,324
open,,5,1000,0,3,1.218867354175866,0,0.5448774269496374,0.9663217604183696,324
open,,5,16000,0,1,1.052534081408632,0,0.777224091092564,0.997924169682521,324
open,,5,2000,0,1,1.9684932907196155,0,0.6517241155676974,0.9903899710678224,324
open,,5,250,0,1,1.2388085711238843,0,0.3875786310020572,0.8872452963583111,324
open,,5,32000,0,0,1.2362441438779936,1,0.7911475829793829,0.9985304254583752,324
open,,5,4000,0,1,1.43013392786211,0,0.7510735011132202,0.9961638128219106,324
open,,5,500,0,1,1.615645623468081,0,0.44647746972460095,0.9440458914724909,324
open,,5,8000,0,1,1.3585157488231039,0,0.7906462193117301,0.9977386308452262,324
open,,5,80000,0,0,1.311395471308723,1,0.7935307536955621,0.9985656222286041,324
open,,5,final,0,0,1.2864627838560552,1,0.7936186478795799,0.998552127145701,324
open,,6,0,0,1,1.2509001819189347,0,0.4218132109044402,0.8653302866504763,324
open,,6,1000,0,1,1.6794469176241378,0,0.5110540864990172,0.969731571945091,324
open,,6,16000,0,0,1.0368040655614832,1,0.7472986777676085,0.9980433891593169,324
open,,6,2000,0,1,1.7985047126993479,0,0.6276822436178661,0.991145170025964,324
open,,6,250,0,1,1.227073814485096,0,0.3568750052378471,0.8860273377022173,324
open,,6,32000,0,0,1.4432573826108768,1,0.7914409713189244,0.9988115432421386,324
open,,6,4000,0,1,2.0519011937721867,0,0.6818064408505108,0.9963693164481467,324
open,,6,500,0,2,1.1353103293494515,0,0.39837720627115963,0.9319949769435707,324
open,,6,8000,0,1,1.0034915759566636,0,0.7293166856205215,0.9979942923636667,324
open,,6,80000,0,0,1.667881847589988,1,0.781465048105037,0.9987323731843523,324
open,,6,final,0,0,1.668447822145339,1,0.7814565713176537,0.998745660118702,324
open,,7,0,0,1,1.193132658829632,0,0.417662544463128,0.8565060389785979,324
open,,7,1000,0,1,1.5846751687055156,0,0.5153282994065962,0.952991882507346,324
open,,7,16000,0,0,1.5610508490238728,1,0.7957959397313372,0.9982737966070575,324
open,,7,2000,0,4,1.6373796840111008,0,0.650607408280331,0.9932586139273749,324
open,,7,250,0,1,1.093898954752695,0,0.3457313702230453,0.8144908164177929,324
open,,7,32000,0,0,1.4498300824071972,1,0.8052978529136474,0.9985148548332041,324
open,,7,4000,0,1,1.7525418380230011,0,0.7034581907326228,0.9953902650014266,324
open,,7,500,0,1,1.4879358819136053,0,0.4338834458934256,0.9292297379983211,324
open,,7,8000,0,0,1.1546641993847193,1,0.7707470182969132,0.997668807825326,324
open,,7,80000,0,0,1.2497372999723158,1,0.8025938705164348,0.9986192604345634,324
open,,7,final,0,0,1.2313641083363738,1,0.8026390089664835,0.9986015815654573,324
theta,,0,0,2,1,1.0272701024587927,0,0.18434610259314835,0.7499265133282009,276
theta,,0,1000,2,4,1.2073008074251184,0,0.29755222837122625,0.909916481504738,276
theta,,0,16000,2,1,1.4602766712239779,0,0.6177119181547465,0.9960784449302575,276
theta,,0,2000,2,4,1.3365194798604916,0,0.41979558121577293,0.9629204409976726,276
theta,,0,250,2,2,1.076906997759352,1,0.14884195625765181,0.7731546442262177,276
theta,,0,32000,2,1,1.3583917221107509,0,0.6346931243515282,0.9970728903307332,276
theta,,0,4000,2,1,1.3729585446602304,0,0.503261720604293,0.9874095983557559,276
theta,,0,500,2,0,1.0325253757841883,0,0.16120398989078935,0.860455789178971,276
theta,,0,8000,2,1,1.259524385490797,0,0.5793582957057635,0.9954788304798925,276
theta,,0,80000,2,2,1.3150647634865789,1,0.6406294076489905,0.9971359043262223,276
theta,,0,final,2,2,1.3250879805769724,1,0.6406726601351067,0.9971086883476931,276
theta,,1,0,2,1,1.0268630694275822,0,0.16405658812190632,0.7624568059288692,276
theta,,1,1000,2,1,1.2988789454443623,0,0.3145294412516597,0.9427717576613552,276
theta,,1,16000,2,1,1.4590810792400306,0,0.6158317272430944,0.9964062703457206,276
theta,,1,2000,2,1,1.436095379920593,0,0.4211107538565535,0.9686243161831489,276
theta,,1,250,2,1,1.0704187706666042,0,0.1344462732792711,0.5579464371403808,276
theta,,1,32000,2,1,1.3248454308389557,0,0.6344788398398019,0.9972380504489644,276
theta,,1,4000,2,1,1.329136644952405,0,0.5094951790421187,0.9911652122248249,276
theta,,1,500,2,1,1.0677141843515294,0,0.15521241776072509,0.8648419964010078,276
theta,,1,8000,2,1,1.33179485963407,0,0.5837177855312459,0.9958229795287767,276
theta,,1,80000,2,2,1.3196369147796607,1,0.6410253405427845,0.9978290575763576,276
theta,,1,final,2,2,1.3207309428549323,1,0.6411222727681609,0.9978436819828413,276
theta,,2,0,2,1,1.0406126567644804,0,0.16637929810618066,0.7377695267740577,276
theta,,2,1000,2,2,1.439876143380801,1,0.3384483836727351,0.9005472097856189,276
theta,,2,16000,2,1,1.8200234417583163,0,0.6339587855620132,0.9967503339158543,276
theta,,2,2000,2,3,1.3513112620047132,0,0.4078210021664001,0.9658768833024322,276
theta,,2,250,2,1,1.1632447447876704,0,0.1581196709722323,0.7197315079886912,276
theta,,2,32000,2,1,1.5850243972540794,0,0.6370021423857806,0.997167535997102,276
theta,,2,4000,2,1,1.3327119540051169,0,0.544620531922434,0.989758607763212,276
theta,,2,500,2,1,1.0857574581866916,0,0.19090179329882292,0.8641807661032036,276
theta,,2,8000,2,2,1.5197712673831407,1,0.6180117706654841,0.9959482328149815,276
theta,,2,80000,2,1,1.4334521582030806,0,0.6234833588269335,0.9978444789673582,276
theta,,2,final,2,1,1.4356583811411079,0,0.6234520297205662,0.9978129720063837,276
theta,,3,0,2,1,1.0758076171539022,0,0.2001459260420416,0.7658618842146374,276
theta,,3,1000,2,4,1.0810691594434816,0,0.28215367182641377,0.8656582388300397,276
theta,,3,16000,2,1,1.3531484572065229,0,0.6203919367598656,0.9974100125566917,276
theta,,3,2000,2,3,1.7089286869638793,0,0.4152341084294183,0.9651611537053941,276
theta,,3,250,2,1,1.101492995226425,0,0.12708335041596494,0.7050003021516823,276
theta,,3,32000,2,1,1.5684801066446477,0,0.644005792362041,0.9979354084455678,276
theta,,3,4000,2,1,1.4070634040157517,0,0.5354669434053138,0.9915947002207508,276
theta,,3,500,2,0,1.1313069278893002,0,0.1483231288039337,0.8327911456352807,276
theta,,3,8000,2,1,1.408590293949493,0,0.5900863806343003,0.9957020256310212,276
theta,,3,80000,2,1,1.230181178392718,0,0.6411970968658373,0.9976378840909421,276
theta,,3,final,2,1,1.2298279276064605,0,0.6409242231899074,0.9976430001668064,276
theta,,4,0,2,1,1.0179646959430282,0,0.21049008103349456,0.7591920717122933,276
theta,,4,1000,2,1,1.272471200481247,0,0.28119287219374833,0.9143815725082345,276
theta,,4,16000,2,1,1.813189906009296,0,0.6263142397875627,0.9968499922324527,276
theta,,4,2000,2,2,1.1630294324593913,1,0.40608285218780826,0.9623007524033138,276
theta,,4,250,2,1,1.0342992325927418,0,0.151617817162699,0.6860683954357529,276
theta,,4,32000,2,2,1.4981690189679637,1,0.6496716063443928,0.99756401280228,276
theta,,4,4000,2,2,1.4362103305482388,1,0.5217826108029647,0.9895705877450082,276
theta,,4,500,2,2,1.0430227908304481,1,0.16727041899245995,0.8281909214675272,276
theta,,4,8000,2,1,1.2240171742378603,0,0.5713321288596311,0.9951649100956846,276
theta,,4,80000,2,1,1.2811814730891242,0,0.6507300609531498,0.9980517834703264,276
theta,,4,final,2,1,1.2851351102937218,0,0.6505554218074994,0.9980508929993924,276
theta,,5,0,2,1,1.214006475613331,0,0.1872468178808008,0.8260045090029191,276
theta,,5,1000,2,1,1.2567796782383505,0,0.30824629923531244,0.876475455790622,276
theta,,5,16000,2,1,1.2624714788919473,0,0.6383021825500798,0.9972405570699152,276
theta,,5,2000,2,3,1.370183077898391,0,0.42554611917661017,0.9617740227757402,276
theta,,5,250,2,1,1.13603525403311,0,0.14178760023880216,0.7065076543443911,276
theta,,5,32000,2,1,1.311673813765046,0,0.6475228246648063,0.9980028308504588,276
theta,,5,4000,2,1,1.3559011703157848,0,0.5351803009483633,0.9856883079643005,276
theta,,5,500,2,1,1.2515412328037139,0,0.17063104582216174,0.8497178054412089,276
theta,,5,8000,2,1,1.1458521579509284,0,0.6071486775089463,0.9938836162268817,276
theta,,5,80000,2,1,1.2090743691241768,0,0.6233698461807335,0.9979194936207728,276
theta,,5,final,2,1,1.2045820906181917,0,0.623153086027329,0.997917066110718,276
theta,,6,0,2,0,1.0195902074798833,0,0.13862245572289147,0.7406119787036836,276
theta,,6,1000,2,3,1.202959505327386,0,0.33011102771901935,0.9414213469928463,276
theta,,6,16000,2,1,1.0189792013777625,0,0.6346898982812876,0.997053264081773,276
theta,,6,2000,2,4,1.4000807815012302,0,0.425918416284031,0.9710211098919507,276
theta,,6,250,2,0,1.1810525957794538,0,0.1512749811528267,0.7698808662386856,276
theta,,6,32000,2,1,1.1519039980220724,0,0.6481789395711012,0.9973970223109477,276
theta,,6,4000,2,3,1.3752652005615953,0,0.5215610521510715,0.9884956850972607,276
theta,,6,500,2,1,1.0573452294640542,0,0.18526826734122392,0.8811126181351266,276
theta,,6,8000,2,2,1.1266001011599591,1,0.6054307893224065,0.9960427392812509,276
theta,,6,80000,2,1,1.0702902713572646,0,0.6223875289217771,0.9975602419980433,276
theta,,6,final,2,1,1.070581213628543,0,0.6226599441177351,0.9975810051505704,276
theta,,7,0,2,0,1.0415664158178388,0,0.18147975665577204,0.8275394120260613,276
theta,,7,1000,2,1,1.0212327862340782,0,0.2928860352680429,0.909761060986639,276
theta,,7,16000,2,1,1.6980485546348745,0,0.6132049799955007,0.9970880238040498,276
theta,,7,2000,2,3,1.3216236518292355,0,0.4550166250707291,0.9597843404037226,276
theta,,7,250,2,0,1.3386817990620192,0,0.13915518787530406,0.7959117923916158,276
theta,,7,32000,2,1,1.5951009492361432,0,0.6336785385096005,0.9975707307632836,276
theta,,7,4000,2,1,1.3712331433619898,0,0.5425029455569655,0.9875517581627783,276
theta,,7,500,2,1,1.002901061165619,0,0.16084705926263557,0.846994983309205,276
theta,,7,8000,2,1,1.204905107458416,0,0.6092089733385091,0.9959142652552442,276
theta,,7,80000,2,1,1.4275548908852107,0,0.6362491493645505,0.9979300493377812,276
theta,,7,final,2,1,1.431213439554571,0,0.636255839997786,0.997943155169262,276
